gene,cluster_id,amplicon_num,num_alleles,num_serotypes,serotypes_covered,pool,name,left_name,left_seq,left_tm,left_gc,left_pos,right_name,right_seq,right_tm,right_gc,right_pos,product_size,penalty
cluster_1018,cluster_1018,1,1,1,17F,pool2,cluster_1018_amp1,cluster_1018_amp1_LEFT,GACGCCTAGTTAGTATCATCAATGAAC,59.88490537061921,40.74074074074074,24,cluster_1018_amp1_RIGHT,ACCCCGACGACTCGATATATTTT,59.42859867559776,43.47826086956522,623,600,6.686495953783037
cluster_2316,cluster_2316,1,1,1,44,pool2,cluster_2316_amp1,cluster_2316_amp1_LEFT,AGATGAACGAGGTAGTTTTACGGAA,60.04780168971388,40.0,24,cluster_2316_amp1_RIGHT,TCCATGTATACGTCCGGAGTGTC,61.54734245866973,52.17391304347826,623,600,3.4995407689558533
cluster_2635,cluster_2635,1,1,1,33G,pool2,cluster_2635_amp1,cluster_2635_amp1_LEFT,CAGGGGATAAACTTATTGAACAGGATC,59.77049381833535,40.74074074074074,24,cluster_2635_amp1_RIGHT,GGGTCTCTTCTGCTACTTTGGC,60.93743274932558,54.54545454545455,622,599,6.292073432339066
cluster_504,cluster_504,1,1,1,10A,pool2,cluster_504_amp1,cluster_504_amp1_LEFT,CTGGTTTGTCTGGAGCAATCTTCG,62.14502941203551,50.0,26,cluster_504_amp1_RIGHT,GCTCAACTTCAACGTCTTTAAGCAT,60.56095257938364,40.0,625,600,2.584076832651874
cluster_2278,cluster_2278,1,1,1,43,pool2,cluster_2278_amp1,cluster_2278_amp1_LEFT,CGGTGTGATTCTAGTGTTGTTAAAGG,60.34740172059685,42.30769230769231,26,cluster_2278_amp1_RIGHT,AGAACGTCCCCATTGCTTTTCAG,61.61529448976484,47.82608695652174,622,597,4.267892769167986
cluster_1001,cluster_1001,1,1,1,17F,pool2,cluster_1001_amp1,cluster_1001_amp1_LEFT,CCCAAGTAATCGAGAAAGTTGAACA,59.531253963558754,40.0,27,cluster_1001_amp1_RIGHT,CCTTGAAAGAATCGTTTCACTGGAT,59.81799933375157,40.0,626,600,2.6507467026896734
cluster_2314,cluster_2314,1,1,1,44,pool2,cluster_2314_amp1,cluster_2314_amp1_LEFT,CAGCAATTCGTGATATGGTAGCAGA,61.25036392074924,44.0,27,cluster_2314_amp1_RIGHT,CCCATAAAGATTCGGGAAACGGT,60.93390705993852,47.82608695652174,622,596,2.316456860810717
cluster_2840,cluster_2840,1,2,2,"20A,20B",pool2,cluster_2840_amp1,cluster_2840_amp1_LEFT,AGTGGAATTGACACCTATGGTCCTA,61.05370361174073,44.0,27,cluster_2840_amp1_RIGHT,CCTCCACTTTCTAACTGAGCATTGA,60.80120455115394,44.0,625,599,0.2524990605867856
cluster_2855,cluster_2855,1,2,2,"20A,20B",pool2,cluster_2855_amp1,cluster_2855_amp1_LEFT,TTGGTATTCCGGTTCGAATTGTACA,60.799276161939474,40.0,27,cluster_2855_amp1_RIGHT,CCTTTGGTACACCTTCTTCTGAGAG,60.79831647420701,48.0,626,600,0.4024073638535128
cluster_1007,cluster_1007,1,1,1,17F,pool2,cluster_1007_amp1,cluster_1007_amp1_LEFT,AACATATCGGAATATCATGGAGCCT,59.80947216069393,40.0,28,cluster_1007_amp1_RIGHT,ATTTGTAGCGACTAAGGTCTGCTTG,61.36393723960174,44.0,627,600,1.5544650789078105
cluster_1659,cluster_1659,1,1,1,28A,pool2,cluster_1659_amp1,cluster_1659_amp1_LEFT,CCGCTGTGTTTGAAGGAAAGATTTA,60.27826646625516,40.0,28,cluster_1659_amp1_RIGHT,TTTTCAAAACAGCAACTGGGGAAG,60.62269490691983,41.66666666666666,627,600,2.0990386268250063
cluster_1854,cluster_1854,1,1,1,33C,pool2,cluster_1854_amp1,cluster_1854_amp1_LEFT,CAAGGGTTGGAGGATTTTCGTAAG,59.84399208864096,45.833333333333336,28,cluster_1854_amp1_RIGHT,GAACATACGGAAGATCATAATGGCA,59.29916840802241,40.0,627,600,3.85683950333663
cluster_2429,cluster_2429,1,1,1,47A,pool2,cluster_2429_amp1,cluster_2429_amp1_LEFT,TGTACAACTATCTAATCGTCGGTGC,60.73140624913572,44.0,28,cluster_2429_amp1_RIGHT,TTTCGATGATGACATTGTAACCACC,59.87681445342457,40.0,624,597,1.3917792974397116
cluster_584,cluster_584,1,2,2,"11A,11D",pool2,cluster_584_amp1,cluster_584_amp1_LEFT,AGTTTATACTCAGGCATGTGCTTGT,60.80444550675514,40.0,29,cluster_584_amp1_RIGHT,GCAATGACACTCTTTCTCTATCTGAAG,59.98963257274414,40.74074074074074,627,599,3.205921920500714
cluster_648,cluster_648,1,1,1,11F,pool2,cluster_648_amp1,cluster_648_amp1_LEFT,TGGACTTCCTTGAGAGATCAGATGA,60.812364288555045,44.0,29,cluster_648_amp1_RIGHT,CCGAGAATACTATATTGGGAAATCACC,59.45051235382351,40.74074074074074,626,598,3.737123357621442
cluster_683,cluster_683,1,1,1,12A,pool2,cluster_683_amp1,cluster_683_amp1_LEFT,ACAGGTGTGATTGCAATAGTTGGTA,60.747544849537576,40.0,29,cluster_683_amp1_RIGHT,CCTGATTGTAGTCAGTTCCAACTACT,60.29534870882696,42.30769230769231,627,599,1.95710644163546
cluster_2310,cluster_2310,1,1,1,44,pool2,cluster_2310_amp1,cluster_2310_amp1_LEFT,TCGTCAAATGCTGGATCAAGTTTTG,60.79012278185167,40.0,29,cluster_2310_amp1_RIGHT,TCATATGAATGGGGTAAAGAGCCTT,59.865661041623525,40.0,627,599,1.3442161765248102
cluster_2631,cluster_2631,1,1,1,33G,pool2,cluster_2631_amp1,cluster_2631_amp1_LEFT,GGGAAGATATGATTATGGTTCTATGCC,59.49944068221981,40.74074074074074,29,cluster_2631_amp1_RIGHT,ATCCCATGGAATAAACCCTTTGTGT,60.75781542823938,40.0,625,597,3.742743889540805
cluster_2776,cluster_2776,1,1,1,35D,pool2,cluster_2776_amp1,cluster_2776_amp1_LEFT,GGTTTACTAGGGGTTTCTACGCTCT,61.84827712778679,48.0,29,cluster_2776_amp1_RIGHT,CCCCTAAGAATTGATCTGCTTGATGA,60.91447800950442,42.30769230769231,626,598,1.9337991182823653
cluster_151,cluster_151,1,2,2,"06A,06B",pool2,cluster_151_amp1,cluster_151_amp1_LEFT,ATGGTGAGCGATATTTGTCACAACA,61.31708739366962,40.0,30,cluster_151_amp1_RIGHT,GCAGAACAACACCTTCCCATACT,60.81074260880831,47.82608695652174,622,593,2.5063447848613123
cluster_1188,cluster_1188,1,2,2,"19B,19C",pool2,cluster_1188_amp1,cluster_1188_amp1_LEFT,CTAGCAAAGTTCTTCGAACAGCAAT,60.3344140302728,40.0,30,cluster_1188_amp1_RIGHT,CAGTTGCTTTAGTTTCGGTGACCTA,61.25201415435578,44.0,625,596,0.9176001240829804
cluster_3199,cluster_3199,1,5,5,"06AII,06AIV,06AV,06AVI,06BII",pool2,cluster_3199_amp1,cluster_3199_amp1_LEFT,TGGCATATCAAGGCAAGTCAATACT,60.63219010311337,40.0,30,cluster_3199_amp1_RIGHT,AGAAATCTTCCATTAGGGGTTGGAG,60.34036046209093,44.0,627,598,1.0274494347956988
cluster_21,cluster_21,1,1,1,01,pool2,cluster_21_amp1,cluster_21_amp1_LEFT,ACATCATCAAGTTGTTGCCGTAGAT,61.08904481999423,40.0,31,cluster_21_amp1_RIGHT,ACTCGTTAAAATAGGAAACCCGGAG,60.85579028123664,44.0,626,596,0.2332545387575919
cluster_1121,cluster_1121,1,1,1,18F,pool2,cluster_1121_amp1,cluster_1121_amp1_LEFT,GTCGTCACTAAGCAGTTTCCAGATA,60.62155504352398,44.0,31,cluster_1121_amp1_RIGHT,TCCATCTCCAATAAATTCTGGTGGT,60.044179361790896,40.0,628,598,1.334265594685121
cluster_1981,cluster_1981,1,1,1,35C,pool2,cluster_1981_amp1,cluster_1981_amp1_LEFT,GGAGAGTTTTGAGCGAACCATATGA,61.14057906546248,44.0,31,cluster_1981_amp1_RIGHT,AGATAACTGTTTCTTTGGCCACTGT,60.92398751008892,40.0,626,596,0.2165915553735544
cluster_2107,cluster_2107,1,1,1,39,pool2,cluster_2107_amp1,cluster_2107_amp1_LEFT,AGTTGATCGGTCCAGATGTCTATGA,61.1577137071846,44.0,31,cluster_2107_amp1_RIGHT,ATCACCTTATCATTCTGTGCTGCTT,60.86427503246222,40.0,628,598,0.2934386747223811
cluster_3363,cluster_3363,1,1,1,streptococcus-pneumoniae-ctvdb,pool2,cluster_3363_amp1,cluster_3363_amp1_LEFT,TGCGATGGAAAATCCGTTTCGATAT,61.48002097727789,40.0,31,cluster_3363_amp1_RIGHT,TGGCACCTGAATATATTTCCCCTTT,60.34162333746258,40.0,625,595,1.1383976398153095
cluster_238,cluster_238,1,1,1,07A,pool2,cluster_238_amp1,cluster_238_amp1_LEFT,CATGAGATTATTGTCAAGCCCAAGG,60.22118456209961,44.0,32,cluster_238_amp1_RIGHT,GCCCTCCTTAATCATTTCACAGACA,61.09378482680944,44.0,628,597,0.8726002647098312
cluster_664,cluster_664,1,1,1,12A,pool2,cluster_664_amp1,cluster_664_amp1_LEFT,TACTTGCGATATTATCCCACTCAGC,60.56682601835888,44.0,32,cluster_664_amp1_RIGHT,AATTAATTCCGCCCGTAACTCGAAA,61.368815480099215,40.0,630,599,0.8019894617403338
cluster_328,cluster_328,1,1,1,07C,pool2,cluster_328_amp1,cluster_328_amp1_LEFT,GGGTGATTGCAAAGGATCGTTATCA,61.660846606673886,44.0,33,cluster_328_amp1_RIGHT,ACTGAACTCACTGAAGTAACGACTG,60.73365500598163,44.0,630,598,0.9271916006922538
cluster_1433,cluster_1433,1,1,1,23B,pool2,cluster_1433_amp1,cluster_1433_amp1_LEFT,CTCCTTGTACCAATCCTGACATTGA,60.57145421637796,44.0,33,cluster_1433_amp1_RIGHT,AGCAACTGAAATAATCGCACTAGCT,61.1425635623911,40.0,626,594,0.5711093460131451
cluster_1949,cluster_1949,1,1,1,35A,pool2,cluster_1949_amp1,cluster_1949_amp1_LEFT,ACGACTTCCAGTTCGTCTAACATTT,60.73820833795378,40.0,33,cluster_1949_amp1_RIGHT,CATATCCAAACTCTTTCTCCACAACC,60.12789696886245,42.30769230769231,625,593,2.133894693183777
cluster_2345,cluster_2345,1,1,1,45,pool2,cluster_2345_amp1,cluster_2345_amp1_LEFT,AACGTGTTGGGCATAGACCATATTT,61.096652720293605,40.0,33,cluster_2345_amp1_RIGHT,CATCTTGTTTCTTTTCATCTCGCGA,60.38982992396478,40.0,632,600,0.7068227963288223
cluster_2610,cluster_2610,1,1,1,11E,pool2,cluster_2610_amp1,cluster_2610_amp1_LEFT,GCAGGAATTGGGAGAAATTGGAATA,59.636419812995655,40.0,33,cluster_2610_amp1_RIGHT,TCCCTACCCAAACGTTATCTTCAAT,60.04543248254032,40.0,632,600,2.3181477044640246
cluster_3158,cluster_3158,1,1,1,06BI,pool2,cluster_3158_amp1,cluster_3158_amp1_LEFT,GCTCTATAATTCTGATAAGTGATCGCG,60.0443796257772,40.74074074074074,33,cluster_3158_amp1_RIGHT,CCAAGGCCATCTTCCCTTCATAAAT,61.164428415055625,44.0,626,594,3.120048789278428
cluster_3332,cluster_3332,1,1,1,NCC1_pspK_non_encapsulated,pool2,cluster_3332_amp1,cluster_3332_amp1_LEFT,TGACTGACTAGAATGAGCAAACCTC,60.56762297695116,44.0,33,cluster_3332_amp1_RIGHT,GGAAACAAGACAAAACTCTCGGTCT,61.42577638111493,44.0,626,594,0.8581534041637724
cluster_192,cluster_192,1,1,1,06C,pool2,cluster_192_amp1,cluster_192_amp1_LEFT,AGTGGAGGGAATTTCGTATGAAGAA,60.04586938897967,40.0,34,cluster_192_amp1_RIGHT,GAACCTCCCATATAACGAGTGATGT,60.22146131291771,44.0,630,597,1.7326692981026213
cluster_496,cluster_496,1,1,1,10A,pool2,cluster_496_amp1,cluster_496_amp1_LEFT,TGAGGTTGGTGAGGAATATTCTGGA,61.290246929987575,44.0,34,cluster_496_amp1_RIGHT,CGGAACAACAACACTAATGAGCATT,60.56269563321871,40.0,632,599,0.7275512967688655
cluster_2675,cluster_2675,1,1,1,10D,pool2,cluster_2675_amp1,cluster_2675_amp1_LEFT,TGGCAAGGCTTTAGGTCATAAGTTT,60.98517912144621,40.0,34,cluster_2675_amp1_RIGHT,CATAGAGATAGAGATCATCCGCCGA,61.200853718728695,48.0,630,597,0.2156745972824865
cluster_2838,cluster_2838,1,2,2,"20A,20B",pool2,cluster_2838_amp1,cluster_2838_amp1_LEFT,TGCTTCTGTTATACTACCTGTTCGC,60.90609713770442,44.0,35,cluster_2838_amp1_RIGHT,CAACAAACTGCTGTACTGCAAAGAG,61.23413763007119,44.0,628,594,0.3280404923667674
cluster_3157,cluster_3157,1,1,1,06BI,pool2,cluster_3157_amp1,cluster_3157_amp1_LEFT,AGGAAGAGAGTCTTGAATGGGAAGT,61.23017215486999,44.0,35,cluster_3157_amp1_RIGHT,TCCGCCCAAATCATTACCTTGTATT,60.86715106457666,40.0,632,598,0.3630210902933299
cluster_3346,cluster_3346,1,1,1,NCC3_aliD_non_encapsulated,pool2,cluster_3346_amp1,cluster_3346_amp1_LEFT,TGGTGCCCATATCTTCCATACTTCT,61.4099975388321,44.0,35,cluster_3346_amp1_RIGHT,TGCTCAAAACGAAGACTACGGTATT,60.794507443442285,40.0,633,599,0.6154900953898164
cluster_892,cluster_892,1,1,1,16A,pool2,cluster_892_amp1,cluster_892_amp1_LEFT,CCTCCTTTGTAGCATATACTTTGACTC,59.56034479939086,40.74074074074074,36,cluster_892_amp1_RIGHT,GAGTTCCAAATAATCTTAGAGGGTATCTCC,60.93424970798992,40.0,635,600,8.505405492619218
cluster_1414,cluster_1414,1,1,1,23B,pool2,cluster_1414_amp1,cluster_1414_amp1_LEFT,AGGAGAGACTAAGGCCATTGTCTTA,60.81471211025769,44.0,36,cluster_1414_amp1_RIGHT,GTCATGATCACCATCCGCTAGG,60.61147287238629,54.54545454545455,627,592,3.5738150173560257
cluster_215,cluster_215,1,1,1,06D,pool2,cluster_215_amp1,cluster_215_amp1_LEFT,GGAGGGAATTTCGCATGAAGAATTG,60.96213340902205,44.0,37,cluster_215_amp1_RIGHT,GAACCTCCCATATAACGAGTGATGT,60.22146131291771,44.0,636,600,0.8164052780602447
cluster_942,cluster_942,1,1,1,16F,pool2,cluster_942_amp1,cluster_942_amp1_LEFT,GCATCAAAACAACTTATGCCGGTTT,61.53054413895137,40.0,37,cluster_942_amp1_RIGHT,TCCCATAAGCTCAACAGACAAATCA,60.514658800284735,40.0,624,588,1.015885338666635
cluster_1446,cluster_1446,1,2,2,"23B,23F",pool2,cluster_1446_amp1,cluster_1446_amp1_LEFT,TATGCCTTTGTGAACTACGCTGATC,61.418759743378246,44.0,37,cluster_1446_amp1_RIGHT,GCAGTAAATTTCTCACCTGGTCCTT,61.26766608483564,44.0,635,599,0.6864258282138849
cluster_2176,cluster_2176,1,1,1,41A,pool2,cluster_2176_amp1,cluster_2176_amp1_LEFT,TGCTTAAAGATGTGAGTGACAAGGT,60.68744129603249,40.0,37,cluster_2176_amp1_RIGHT,TGTTAAACGAACTGGAAGACGCTTA,60.96413706494019,40.0,632,596,0.3484216390273218
cluster_2604,cluster_2604,1,1,1,11E,pool2,cluster_2604_amp1,cluster_2604_amp1_LEFT,TTTATACTCAGGCATGTGCTTGCAG,61.88443529204142,44.0,37,cluster_2604_amp1_RIGHT,GCAATGACACTCTTTCTCTATCTGAAG,59.98963257274414,40.74074074074074,633,597,3.8948027192972745
cluster_536,cluster_536,1,1,1,10C,pool2,cluster_536_amp1,cluster_536_amp1_LEFT,GTAGGGATCTATGACTATGGCTCCA,60.81136341596698,48.0,38,cluster_536_amp1_RIGHT,CCAACATATAGCCTCATCGTTAATGTG,60.36035344452961,40.74074074074074,627,590,2.8282831395034123
cluster_701,cluster_701,1,1,1,12B,pool2,cluster_701_amp1,cluster_701_amp1_LEFT,GCAAAAGCGATTTGGACTTCATAAG,59.71296484521105,40.0,38,cluster_701_amp1_RIGHT,GGATAGTTAGGAATCCCTGTCAAAACA,60.79991795341954,40.74074074074074,635,598,3.487117201369415
cluster_1114,cluster_1114,1,1,1,18F,pool2,cluster_1114_amp1,cluster_1114_amp1_LEFT,GCGGATCGATGCTGAATCTATCAAA,61.58414120755657,44.0,38,cluster_1114_amp1_RIGHT,TTTGCAGAGTTTTCACGCATACAAG,61.0116484901763,40.0,631,594,0.5957896977328687
cluster_1939,cluster_1939,1,1,1,35A,pool2,cluster_1939_amp1,cluster_1939_amp1_LEFT,ATAGCTGAGTCCGGAATGAATGAAC,60.97061862086127,44.0,38,cluster_1939_amp1_RIGHT,AGTAGTGCACACTTTTGTCATCTGT,60.91626746090617,40.0,629,592,0.1131139182325569
cluster_632,cluster_632,1,1,1,11F,pool2,cluster_632_amp1,cluster_632_amp1_LEFT,TGACACCAAGGCCATTGTCTTAAAT,61.21911855779541,40.0,39,cluster_632_amp1_RIGHT,GGTCTCCATCGGCTAGTGAGTAG,61.608895890400845,56.52173913043478,622,584,2.8280144481962566
cluster_1255,cluster_1255,1,1,1,19F,pool2,cluster_1255_amp1,cluster_1255_amp1_LEFT,GTTTCTTAATGCTAATCTCGCTGGT,59.7054477990684,40.0,39,cluster_1255_amp1_RIGHT,GGTAAATTCTCAGTCTTTGTTCGCT,59.82044478300367,40.0,624,586,2.4741074179279394
cluster_1314,cluster_1314,1,1,1,22A,pool2,cluster_1314_amp1,cluster_1314_amp1_LEFT,CCAAGACGACTTATATCGCCTATGG,60.90387527835077,48.0,39,cluster_1314_amp1_RIGHT,ACACAATCTTTTCCCACGTAAATGC,60.79230722026915,40.0,635,597,0.303817501380081
cluster_1478,cluster_1478,1,1,1,24A,pool2,cluster_1478_amp1,cluster_1478_amp1_LEFT,GGAGACCAAGGCCATTGTCTTAAAT,61.33199385273565,44.0,39,cluster_1478_amp1_RIGHT,GGTCTCCATCGGCTAGTGAGTAG,61.608895890400845,56.52173913043478,622,584,2.940889743136495
cluster_1561,cluster_1561,1,1,1,24F,pool2,cluster_1561_amp1,cluster_1561_amp1_LEFT,TTCTTCAAGACGGATCTGAGTTTGG,61.02666108176254,44.0,39,cluster_1561_amp1_RIGHT,CTCGACTGATATAGCCCATACGGTA,61.144057343284885,48.0,638,600,0.1707184250474256
cluster_2445,cluster_2445,1,1,1,47F,pool2,cluster_2445_amp1,cluster_2445_amp1_LEFT,GGACTGATTTGAGTTGTCCTCGTAA,60.79577186683901,44.0,39,cluster_2445_amp1_RIGHT,GTGAGAGTGATAATCTTGTCTGCCA,60.62542616419955,44.0,628,590,0.578801968961443
cluster_2579,cluster_2579,1,1,1,19AF,pool2,cluster_2579_amp1,cluster_2579_amp1_LEFT,TGCCCTTATTAATGTGCAAAACTGG,60.56842325485405,40.0,39,cluster_2579_amp1_RIGHT,CCAAGTCTCATATATTTATGGGAGATGACC,61.22684735475275,40.0,629,591,5.658424099898696
cluster_690,cluster_690,1,1,1,12A,pool2,cluster_690_amp1,cluster_690_amp1_LEFT,TGCATTTGAAGAAGGGAAATCTGGA,60.98645226461525,40.0,40,cluster_690_amp1_RIGHT,CCTATCTCGTCCATCTTTCAAAGCT,60.683509330371976,44.0,631,592,0.3300384050127718
cluster_710,cluster_710,1,2,2,"12B,12F",pool2,cluster_710_amp1,cluster_710_amp1_LEFT,TGCTGAGAGTATTGTTGTCTTGACT,60.22152114400717,40.0,40,cluster_710_amp1_RIGHT,GCTGGAATAACACTCGATTTTGCAA,60.84615481906605,40.0,639,600,0.9323240369267864
cluster_906,cluster_906,1,1,1,16A,pool2,cluster_906_amp1,cluster_906_amp1_LEFT,CGTGGCTGGTTTAAAGAAAATTTCC,59.82322608617966,40.0,40,cluster_906_amp1_RIGHT,CCTGGAAAGTTCTCGTAAACATAATGG,60.414097868229646,40.74074074074074,638,599,3.762676045590695
cluster_1039,cluster_1039,1,1,1,18A,pool2,cluster_1039_amp1,cluster_1039_amp1_LEFT,GGATCGATGCTGAAGCTATCAAAGA,61.02404896617588,44.0,40,cluster_1039_amp1_RIGHT,TTTGCAGAGTTTTCACGCATACAAG,61.0116484901763,40.0,631,592,0.0356974563521816
cluster_2159,cluster_2159,1,1,1,41A,pool2,cluster_2159_amp1,cluster_2159_amp1_LEFT,CCTGATGATTGGGTTGCTGAAAATT,60.57003385188773,40.0,40,cluster_2159_amp1_RIGHT,GCTTGAAGTAGTCGCAAACTGAAAA,60.7294536088923,40.0,627,588,0.7005125392199716
cluster_2466,cluster_2466,1,1,1,48,pool2,cluster_2466_amp1,cluster_2466_amp1_LEFT,GGATCGATGCTGAAGCTATCAAAGA,61.02404896617588,44.0,40,cluster_2466_amp1_RIGHT,AGAGTTTTCACGTATACAAGCCACA,60.74080285395007,40.0,626,587,0.283246112225811
cluster_3272,cluster_3272,1,1,1,20C,pool2,cluster_3272_amp1,cluster_3272_amp1_LEFT,GCAGGATTGAATGTAGTGACCTTCT,60.85965272765884,44.0,40,cluster_3272_amp1_RIGHT,TCTTTCCAAATGGTCCAATCATCGA,60.806078768061525,40.0,626,587,0.3342685042796347
cluster_3293,cluster_3293,1,1,1,20C,pool2,cluster_3293_amp1,cluster_3293_amp1_LEFT,GGCTATCAAGTTGATTGGTCCAGAT,60.92165447279609,44.0,40,cluster_3293_amp1_RIGHT,AGCTTCCTCTTGGTACTTAGCAAAC,61.031492359342906,44.0,625,586,0.1098378865468134
cluster_441,cluster_441,1,1,1,09L,pool2,cluster_441_amp1,cluster_441_amp1_LEFT,TATCAGGACACATTAAACGAGCTCC,60.68143725833096,44.0,41,cluster_441_amp1_RIGHT,TATCATTAACCGCTTTACCCACAGC,61.42899217799038,44.0,626,586,0.7475549196594216
cluster_1436,cluster_1436,1,2,2,"23B,23F",pool2,cluster_1436_amp1,cluster_1436_amp1_LEFT,GCGAGTTCGAAGGTTTGGGTATATA,60.737062955662566,44.0,41,cluster_1436_amp1_RIGHT,TCTGTGACTAAAACATCTGCCAACA,60.91818234598264,40.0,633,593,0.3447546983547909
cluster_1820,cluster_1820,1,2,2,"33B,33D",pool2,cluster_1820_amp1,cluster_1820_amp1_LEFT,CTGTAGGAAGTAAGAATAGTGAGCAGT,60.14798328837821,40.74074074074074,41,cluster_1820_amp1_RIGHT,AACTATGGTGGTCACAAAAGACAGT,60.63148080237926,40.0,624,584,3.2205359092425283
cluster_68,cluster_68,1,1,1,03,pool2,cluster_68_amp1,cluster_68_amp1_LEFT,AGGTGGAGCTATTAAGGAAGAGGTT,61.05603565075961,44.0,42,cluster_68_amp1_RIGHT,GTTCATACGATTCGCTACAACAATG,59.10356843928042,40.0,624,583,1.9524672114791883
cluster_1011,cluster_1011,1,1,1,17F,pool2,cluster_1011_amp1,cluster_1011_amp1_LEFT,AGACGAGACAAGGTAGGAAAAGCTA,61.27165096779117,44.0,42,cluster_1011_amp1_RIGHT,AAATTGGCTGATACAACTCTTCCGT,61.03548658992423,40.0,636,595,0.3071375577154072
cluster_2343,cluster_2343,1,1,1,45,pool2,cluster_2343_amp1,cluster_2343_amp1_LEFT,CGGAGTTTTAGGTGCTACTTGTTTT,59.99168431045638,40.0,42,cluster_2343_amp1_RIGHT,CTCATTATCTGGAACCTCATCAAATGG,60.04061664754164,40.74074074074074,641,600,3.967699042001982
cluster_2874,cluster_2874,1,1,1,20A,pool2,cluster_2874_amp1,cluster_2874_amp1_LEFT,TCAGTTGCTTTTGCCTACAGTACTT,60.918566524317896,40.0,42,cluster_2874_amp1_RIGHT,ACTTACTCAAGTTTGGTACAACTCCC,60.910795897357104,42.30769230769231,627,586,1.1706375783249996
cluster_3323,cluster_3323,1,1,1,33H,pool2,cluster_3323_amp1,cluster_3323_amp1_LEFT,CAAACTATGTGGTGAGTAGCTGGAG,61.13761766848779,48.0,42,cluster_3323_amp1_RIGHT,AAGTGTAGCACGCCCAAAATTATTC,60.62132944068168,40.0,630,589,0.5162882278061147
cluster_311,cluster_311,1,1,1,07C,pool2,cluster_311_amp1,cluster_311_amp1_LEFT,TCGATGCTGAAGCTATCAAAGAACA,60.85439667062337,40.0,43,cluster_311_amp1_RIGHT,TCGAATTTTCACGCATACAAGCAAC,61.34071943917576,40.0,631,589,0.4863227685523839
cluster_624,cluster_624,1,1,1,11C,pool2,cluster_624_amp1,cluster_624_amp1_LEFT,GGGAATTATGGGAATTACAGGAAACAG,60.201910735873696,40.74074074074074,43,cluster_624_amp1_RIGHT,CCCTCTGCTACAACCTTTAAATAATCG,60.25479491755834,40.74074074074074,637,595,5.543294346567961
cluster_921,cluster_921,1,1,1,16F,pool2,cluster_921_amp1,cluster_921_amp1_LEFT,TCGATGCTGAAGCTATCAAAGAACA,60.85439667062337,40.0,43,cluster_921_amp1_RIGHT,TTTGCAGAGTTTTCACGCATACAAG,61.0116484901763,40.0,631,589,0.1572518195529255
cluster_24,cluster_24,1,1,1,01,pool2,cluster_24_amp1,cluster_24_amp1_LEFT,ATGAGGAAAGTAAACGCTTGGAAGT,60.97720868605279,40.0,44,cluster_24_amp1_RIGHT,AGGACAATCTTAAGCAGGTTCATCC,60.86320274767428,44.0,637,594,0.1595885662729301
cluster_1745,cluster_1745,1,2,2,"32A,32F",pool2,cluster_1745_amp1,cluster_1745_amp1_LEFT,CCAGTAGGGAATGTCCATCTAGACT,60.92988512386165,48.0,44,cluster_1745_amp1_RIGHT,CTGCTATCTTCTCTTCCGGAGTTTC,60.962933636119885,48.0,624,581,0.1071812400184626
cluster_1839,cluster_1839,1,1,1,33C,pool2,cluster_1839_amp1,cluster_1839_amp1_LEFT,GGGGCTATGGGAACTATGGAAATAA,60.22225404470242,44.0,44,cluster_1839_amp1_RIGHT,TACCTCACTCCTACCAGAAACTTGC,62.02353606189638,48.0,641,598,1.8012820171939552
cluster_1843,cluster_1843,1,1,1,33C,pool2,cluster_1843_amp1,cluster_1843_amp1_LEFT,GTGGGATGATGATATGGATTTAGGAATTCC,61.86398535290226,40.0,44,cluster_1843_amp1_RIGHT,GGTGGTAACTGCATGTAATCACAAT,59.87458265252587,40.0,643,600,6.989402700376388
cluster_2235,cluster_2235,1,1,1,42,pool2,cluster_2235_amp1,cluster_2235_amp1_LEFT,TCCGAAATGAATGAACGTCAGGAAT,61.08716260794796,40.0,44,cluster_2235_amp1_RIGHT,AGTAGTGCACACTTTTGTCATCTGT,60.91626746090617,40.0,626,583,0.1708951470417901
cluster_2747,cluster_2747,1,1,1,NCC2_S_mitis_aliC_aliD_non_encapsulated,pool2,cluster_2747_amp1,cluster_2747_amp1_LEFT,GCGGACAATCAGGTTCAGATACAAA,61.59569556664184,44.0,44,cluster_2747_amp1_RIGHT,AACAAATAAGGTCCGCTGTAGAGAA,60.27980851909905,40.0,626,583,1.3158870475427875
cluster_3011,cluster_3011,1,1,1,15D,pool2,cluster_3011_amp1,cluster_3011_amp1_LEFT,CGTGCGCATTACTCTGATATCCTTA,60.846494185523625,44.0,44,cluster_3011_amp1_RIGHT,AGAAGTTATCAAGGGAGCTGCAATC,61.14957457270589,44.0,641,598,0.3030803871822627
cluster_458,cluster_458,1,1,1,09L,pool2,cluster_458_amp1,cluster_458_amp1_LEFT,ATTTAAGCGTCTTGTTGGTGTTCAG,60.50565407187986,40.0,45,cluster_458_amp1_RIGHT,TATCTTCAACTGTTAGCGGCTTGAG,61.13565356240679,44.0,644,600,0.6299994905269273
cluster_2204,cluster_2204,1,1,1,41F,pool2,cluster_2204_amp1,cluster_2204_amp1_LEFT,TTAGCATCAAAGCCCCTCAACTTAG,61.09378482680944,44.0,45,cluster_2204_amp1_RIGHT,TGTTATATTGGCTTCCGATACGTGG,61.02318185315716,44.0,633,589,0.1169666799665947
cluster_2519,cluster_2519,1,1,1,06E,pool2,cluster_2519_amp1,cluster_2519_amp1_LEFT,CAAGCCTTGGTATTGAATGGGAAAA,60.27990972847226,40.0,45,cluster_2519_amp1_RIGHT,TTGGTTTCAGCCGTAAATTTCTCAC,60.506648830479264,40.0,627,583,1.2134414410484735
cluster_3345,cluster_3345,1,1,1,NCC3_aliD_non_encapsulated,pool2,cluster_3345_amp1,cluster_3345_amp1_LEFT,AAGGGTGATGGCAATAACTACAAGT,60.51659112226071,40.0,45,cluster_3345_amp1_RIGHT,CTGCCCTTGTAATTAGCTAGAGGC,61.04012658668216,50.0,642,598,1.5235354644214567
cluster_70,cluster_70,1,1,1,03,pool2,cluster_70_amp1,cluster_70_amp1_LEFT,GTTATTACACTCCTGTTCCTGGCAA,61.0337067415868,44.0,46,cluster_70_amp1_RIGHT,AGAGGGGCATTTCTAATCATCCAAG,60.69224203388501,44.0,625,580,0.3414647077017889
cluster_91,cluster_91,1,1,1,04,pool2,cluster_91_amp1,cluster_91_amp1_LEFT,TGTTCTGGACTCTCGATAATTGGAA,59.81300820740484,40.0,46,cluster_91_amp1_RIGHT,CGCTTTATAACTCGGGACAGCTTAT,61.02102187595273,44.0,643,598,1.208013668547892
cluster_818,cluster_818,1,1,1,15A,pool2,cluster_818_amp1,cluster_818_amp1_LEFT,TTACTGACAGATTATTCTTCCGCGA,60.16359130005333,40.0,46,cluster_818_amp1_RIGHT,CTCCCATTCCCACAATACAGTCAAT,60.86642978134336,44.0,636,591,0.9699789186033172
cluster_1248,cluster_1248,1,1,1,19F,pool2,cluster_1248_amp1,cluster_1248_amp1_LEFT,GTCATATCCAACGAGCACCTCTATG,61.07557375150748,48.0,46,cluster_1248_amp1_RIGHT,ACGATACCAGTATACTTTGCCAAAG,59.18426019332168,40.0,640,595,1.8913135581858
cluster_2950,cluster_2950,1,1,1,36B,pool2,cluster_2950_amp1,cluster_2950_amp1_LEFT,GAAAATGTTACGCAACTGACGAGTG,61.3297358825094,44.0,46,cluster_2950_amp1_RIGHT,AAAACGAAGTGAAGTTCAATCGCAC,61.2304222544048,40.0,628,583,0.5601581369141968
cluster_3079,cluster_3079,1,3,3,"19AI,19AII,19AIII",pool2,cluster_3079_amp1,cluster_3079_amp1_LEFT,GGACAGCAATCTATCAAAATAGGCG,60.3344140302728,44.0,46,cluster_3079_amp1_RIGHT,GCGAATTAAGAGCCAAGAGAGG,59.13080832016567,50.0,642,597,5.5347776495615335
cluster_356,cluster_356,1,1,1,07F,pool2,cluster_356_amp1,cluster_356_amp1_LEFT,TGGTTTCAGATGACATCTTCCTGTC,60.80120455115394,44.0,47,cluster_356_amp1_RIGHT,TTCACTTGCTTATTCGGAACATTCC,60.10631680471289,40.0,637,591,1.0924786441331662
cluster_487,cluster_487,1,2,2,"10A,10B",pool2,cluster_487_amp1,cluster_487_amp1_LEFT,TATATTCCTGTTCAGGTTGGCAGTG,60.86142309132157,44.0,47,cluster_487_amp1_RIGHT,ACCAAACATTAAAGAGACGCTCACT,60.97307703378437,40.0,644,598,0.165499874894067
cluster_503,cluster_503,1,2,2,"10A,10B",pool2,cluster_503_amp1,cluster_503_amp1_LEFT,TCTTCCGTATGTTCTTCATCGGTTG,61.133697524757565,44.0,47,cluster_503_amp1_RIGHT,ACAGTAGATGTTCCCACCTATGTGA,61.04907672504737,44.0,626,580,0.182774249804936
cluster_1094,cluster_1094,1,2,2,"18B,18C",pool2,cluster_1094_amp1,cluster_1094_amp1_LEFT,GAGTGCAGATGTGATGATTACGGAT,61.02404896617588,44.0,47,cluster_1094_amp1_RIGHT,TTTCTGTTCCCAACTAGTTTCAGGG,60.92243051706743,44.0,646,600,0.1016184491084573
cluster_2990,cluster_2990,1,1,1,15D,pool2,cluster_2990_amp1,cluster_2990_amp1_LEFT,GGTGAGTAGGGAGGAAGAGGTAAAA,61.28319944632648,48.0,47,cluster_2990_amp1_RIGHT,CAGGAGAGCTAAACCACCAAGTAAA,60.74488734786706,44.0,645,599,0.5383120984594143
cluster_83,cluster_83,1,1,1,04,pool2,cluster_83_amp1,cluster_83_amp1_LEFT,AAACTTGATTCAGAAGGTCCGGTTA,60.45561190702131,40.0,48,cluster_83_amp1_RIGHT,GCCCTTTTCGAACTAAATCTTCACA,60.04899069815474,40.0,641,594,1.4953973948239536
cluster_567,cluster_567,1,1,1,10F,pool2,cluster_567_amp1,cluster_567_amp1_LEFT,CAGGATTTTCAGGATGCACGTTATG,60.73140624913572,44.0,48,cluster_567_amp1_RIGHT,AAATCCACCCATTGTTGTATGGAGT,60.75475606135325,40.0,624,577,0.5138376895110355
cluster_791,cluster_791,1,1,1,14,pool2,cluster_791_amp1,cluster_791_amp1_LEFT,ACTTTGGTGGTAGAGGATATGGAGA,60.57998763471346,44.0,48,cluster_791_amp1_RIGHT,TCGTTGAAGCATCATCCCTAAAAGT,60.80314505306399,40.0,626,579,0.6168673122225528
cluster_1407,cluster_1407,1,1,1,23A,pool2,cluster_1407_amp1,cluster_1407_amp1_LEFT,AGTAACTTCAGTTTGTGTGCTGACA,61.08716260794796,40.0,48,cluster_1407_amp1_RIGHT,TCACCTAAAATCAAGGCAACGCTAT,61.09188288292535,40.0,647,600,0.1790454908733068
cluster_1653,cluster_1653,1,2,2,"28A,28F",pool2,cluster_1653_amp1,cluster_1653_amp1_LEFT,AGAAAATAGTAGGTTGATTGGCGGT,60.57288505343092,40.0,48,cluster_1653_amp1_RIGHT,GTCAATATAGCAGCTCGAGTAGTCA,60.04933644643148,44.0,624,577,1.3777785001375946
cluster_1832,cluster_1832,1,1,1,33B,pool2,cluster_1832_amp1,cluster_1832_amp1_LEFT,AGGGTTGGAGGATTTTCGAAAGATT,60.752030358366426,40.0,48,cluster_1832_amp1_RIGHT,AACATACGGAAGATCATAATGGCGA,60.51069003358805,40.0,644,597,0.737279608045526
cluster_3264,cluster_3264,1,1,1,20C,pool2,cluster_3264_amp1,cluster_3264_amp1_LEFT,CAGAATATTCAATCAGTGTCGCTGT,59.70716612217444,40.0,48,cluster_3264_amp1_RIGHT,AGATTTTCTAAGGTGTGAATGGACG,59.35622327087191,40.0,624,577,2.93661060695365
cluster_3337,cluster_3337,1,1,1,NCC1_pspK_non_encapsulated,pool2,cluster_3337_amp1,cluster_3337_amp1_LEFT,AGCAAAAGAGAAGGTTGAGAGTGAA,60.63006890490897,40.0,48,cluster_3337_amp1_RIGHT,GCTTCTTCTTCTGCTTTTCGTTTAGC,61.532668630272894,42.30769230769231,632,585,1.9025997253639275
cluster_140,cluster_140,1,2,2,"06A,06B",pool2,cluster_140_amp1,cluster_140_amp1_LEFT,CGAACCATTGTCTCTACCTCTCAC,60.67567075035947,50.0,49,cluster_140_amp1_RIGHT,AGCCTTCGCTTCTCCGTATTTT,60.3548050016401,45.45454545454545,624,576,4.969524248000425
cluster_294,cluster_294,1,1,1,07B,pool2,cluster_294_amp1,cluster_294_amp1_LEFT,ACCGATGATTTACTACCCACTTTCA,60.046159125141685,40.0,49,cluster_294_amp1_RIGHT,AACTTTCATGAGTGCCAGTATCCAA,60.748734052131965,40.0,644,596,1.20510682272635
cluster_315,cluster_315,1,1,1,07C,pool2,cluster_315_amp1,cluster_315_amp1_LEFT,TTGTCTCTCCAAATTCTCGTGGTTT,60.918566524317896,40.0,49,cluster_315_amp1_RIGHT,CCCTGTTACAACAATAAGTTCATACTCAGG,62.03618432325493,40.0,639,591,6.117617798937033
cluster_551,cluster_551,1,2,2,"10C,10F",pool2,cluster_551_amp1,cluster_551_amp1_LEFT,TTTGCCAGTTCGATTGACCTATGAT,60.86142309132157,40.0,49,cluster_551_amp1_RIGHT,TCTTCTTCTACCACATCCAATGCAC,61.08904481999423,44.0,627,579,0.2276217286726591
cluster_671,cluster_671,1,1,1,12A,pool2,cluster_671_amp1,cluster_671_amp1_LEFT,CCTACTTATCAAGATAGTTACCCGACA,59.7698918804374,40.74074074074074,49,cluster_671_amp1_RIGHT,GGAACTGGACGAATCAGAAAGGAAT,61.08951659854404,44.0,630,582,3.3196247181066383
cluster_903,cluster_903,1,1,1,16A,pool2,cluster_903_amp1,cluster_903_amp1_LEFT,GCTGAAAGATGTAGAAGTTGAACTTGG,60.78347740903797,40.74074074074074,49,cluster_903_amp1_RIGHT,CAAAGGATATAAACGTGTCCCCGAA,61.14157028646071,44.0,624,576,2.3580928774227345
cluster_1800,cluster_1800,1,1,1,33A,pool2,cluster_1800_amp1,cluster_1800_amp1_LEFT,GGTTACCCGCAAGACAATTTATTGG,60.905725876729605,44.0,49,cluster_1800_amp1_RIGHT,CCAAATTGGGGAAGAAGCAACAAAT,60.9780402096132,40.0,625,577,0.1162339136571972
cluster_2353,cluster_2353,1,1,1,45,pool2,cluster_2353_amp1,cluster_2353_amp1_LEFT,GTTTGGCGGAAAAGCTGAATTGTAT,61.0778676869877,40.0,49,cluster_2353_amp1_RIGHT,TCGGAGATGGACTAGAATGCTTTT,59.837680129006856,41.66666666666666,648,600,2.240187557980846
cluster_2449,cluster_2449,1,1,1,47F,pool2,cluster_2449_amp1,cluster_2449_amp1_LEFT,CAGTGACTCTTTGCAGTATCTGGTT,61.028411528516415,44.0,49,cluster_2449_amp1_RIGHT,CTGATGGATAGCTTTCCTATTACCTGA,60.03872856966029,40.74074074074074,633,585,2.989682958856122
cluster_2646,cluster_2646,1,1,1,33G,pool2,cluster_2646_amp1,cluster_2646_amp1_LEFT,GGTTTAGACATCTCCTGGCTCTTTC,61.14306097295389,48.0,49,cluster_2646_amp1_RIGHT,CATAACGCGCATCCTGAAAATCTTG,61.50613709367906,44.0,643,595,0.6491980666329482
cluster_45,cluster_45,1,1,1,02,pool2,cluster_45_amp1,cluster_45_amp1_LEFT,GCAATTTGATGAGAACGCCATTTCT,61.132235761567244,40.0,50,cluster_45_amp1_RIGHT,CTGTCACATCTACATCTAAGGCACG,61.240029647265374,48.0,640,591,0.372265408832618
cluster_2987,cluster_2987,1,1,1,15D,pool2,cluster_2987_amp1,cluster_2987_amp1_LEFT,TTGATAAGGGTATTGGTGGTTTCCG,61.094738788005714,44.0,50,cluster_2987_amp1_RIGHT,ACGCGCATAGTTGAGAGATTCAATA,60.73620701731392,40.0,630,581,0.3585317706917976
cluster_313,cluster_313,1,1,1,07C,pool2,cluster_313_amp1,cluster_313_amp1_LEFT,ATTGCTTATGGGACGGATACAACTC,60.97307703378437,44.0,51,cluster_313_amp1_RIGHT,TTTTCCCATGTGAAATCTGAGAGGA,60.22210934121193,40.0,625,575,0.8048136250037032
cluster_1526,cluster_1526,1,1,1,24B,pool2,cluster_1526_amp1,cluster_1526_amp1_LEFT,GCTGAGGAGTGCGGTATTTCTATAG,60.84819624388774,48.0,51,cluster_1526_amp1_RIGHT,TATCTTGACCAATTCGGCTTCCAAT,60.86499177007579,40.0,624,574,0.2868119860364686
cluster_2472,cluster_2472,1,1,1,48,pool2,cluster_2472_amp1,cluster_2472_amp1_LEFT,GAACACAAACTCCTCATGTTTACCA,59.70172359195647,40.0,51,cluster_2472_amp1_RIGHT,GCCATTGTTTCTACAGGCTGATTAAC,60.8974886542743,42.30769230769231,650,600,2.4007877537692366
cluster_1668,cluster_1668,1,1,1,28A,pool2,cluster_1668_amp1,cluster_1668_amp1_LEFT,ACTACGGTCCTTATCAACATATCGA,59.23332972631346,40.0,52,cluster_1668_amp1_RIGHT,ATAGCGAAGTTCCGTTCCTAATTGG,61.1966493372891,44.0,646,595,1.9633196109756448
cluster_1919,cluster_1919,1,1,1,34,pool2,cluster_1919_amp1,cluster_1919_amp1_LEFT,TTTTGACCTTGGTAACTTCCTTGGG,61.39191195150528,44.0,52,cluster_1919_amp1_RIGHT,TTCCACCAAGCACTGCAAATACTAT,61.03951861852335,40.0,648,597,0.431430570028624
cluster_240,cluster_240,1,1,1,07A,pool2,cluster_240_amp1,cluster_240_amp1_LEFT,TCTCCTGACTACATCAAAATGCTCA,60.046375627005375,40.0,53,cluster_240_amp1_RIGHT,ACATAGCGAATTCATCCACCTTTTG,60.163621937713685,40.0,646,594,1.7900024352809396
cluster_288,cluster_288,1,1,1,07B,pool2,cluster_288_amp1,cluster_288_amp1_LEFT,ACATGTGACTGTGAGTCCTAACGAT,61.78654557431247,44.0,53,cluster_288_amp1_RIGHT,GTGCCTTTCCAACCAATATCTACCA,61.096652720293605,44.0,652,600,0.8831982946060748
cluster_344,cluster_344,1,1,1,07F,pool2,cluster_344_amp1,cluster_344_amp1_LEFT,CGATGCTGAAGCTATCAAAGAACAG,60.5020584100053,44.0,53,cluster_344_amp1_RIGHT,TAGCTGAATTTTCACGCATACAAGC,60.67356757328179,40.0,637,585,0.824374016712909
cluster_708,cluster_708,1,2,2,"12B,12F",pool2,cluster_708_amp1,cluster_708_amp1_LEFT,GGTGGGAGAGGTGCCTTTATTTTAT,60.86896095433952,44.0,53,cluster_708_amp1_RIGHT,TTGCTAACTTCATCCTTTTCCTGCA,61.2136788359399,40.0,642,590,0.3447178816003884
cluster_930,cluster_930,1,1,1,16F,pool2,cluster_930_amp1,cluster_930_amp1_LEFT,TGATTTTAGAGCACGGCAAAATGTC,60.84615481906605,40.0,53,cluster_930_amp1_RIGHT,GCCACTGTGGATTAGTTCATTTCCT,61.32598447800064,44.0,639,587,0.4798296589345909
cluster_1222,cluster_1222,1,1,1,19C,pool2,cluster_1222_amp1,cluster_1222_amp1_LEFT,GCAACAGTTGTTTCTACAATACCAC,59.08704519935617,40.0,53,cluster_1222_amp1_RIGHT,ACATGGCCAACCTTAATTCCAAGAT,61.050459617535296,40.0,642,590,1.963414418179127
cluster_2963,cluster_2963,1,1,1,36B,pool2,cluster_2963_amp1,cluster_2963_amp1_LEFT,AGTATTGCAGTTGGTCAAGCAGTTA,60.97679357646581,40.0,53,cluster_2963_amp1_RIGHT,GATGAGCTAACCTAGTTCTAAGAGTTG,59.08143796058346,40.74074074074074,626,574,3.9417684629507335
cluster_897,cluster_897,1,1,1,16A,pool2,cluster_897_amp1,cluster_897_amp1_LEFT,ACCAGATACTAGTAGTTGTTCTCCCA,60.52541661957213,42.30769230769231,54,cluster_897_amp1_RIGHT,ATTGGTTTCAAATGGTACCTAGCGT,61.038170376143455,40.0,630,577,1.5127537565713285
cluster_2760,cluster_2760,1,1,1,NCC2_aliC_aliD_non_encapsulated,pool2,cluster_2760_amp1,cluster_2760_amp1_LEFT,CTAGGTCTGGATGCCTACACTAAGA,60.92437778387955,48.0,54,cluster_2760_amp1_RIGHT,CCATCTGCAACCTCAGAACAGTATT,61.09093488776142,44.0,641,588,0.1665571038818711
cluster_51,cluster_51,1,1,1,02,pool2,cluster_51_amp1,cluster_51_amp1_LEFT,GTCAGGATTTGGTGGTGTCAATAGT,61.03548658992423,44.0,55,cluster_51_amp1_RIGHT,ATCTTCCACATTTCCATGTTCTGGT,60.75293603216471,40.0,652,598,0.2825505577595208
cluster_130,cluster_130,1,1,1,05,pool2,cluster_130_amp1,cluster_130_amp1_LEFT,ATAAGGCAGCCTATCCTGTTAATGC,61.037273904404,44.0,55,cluster_130_amp1_RIGHT,GCTCGACATTCCAGAGTTCTGTATT,60.90908102003948,44.0,636,582,0.1281928843645232
cluster_805,cluster_805,1,2,2,"15A,15F",pool2,cluster_805_amp1,cluster_805_amp1_LEFT,TTTCTAGCAATAGGTAATGCAGCGT,60.91474272327815,40.0,55,cluster_805_amp1_RIGHT,TCACCTAGTGACATCTCAGTCGAAA,61.2654020833387,44.0,654,600,0.350659360060547
cluster_848,cluster_848,1,2,2,"15B,15C",pool2,cluster_848_amp1,cluster_848_amp1_LEFT,GAACACGTCTAGCTCCAATTACCAA,61.08109908441645,44.0,55,cluster_848_amp1_RIGHT,CATTAAGAGCAACCTCACTCCACAT,61.09093488776142,44.0,624,570,0.1720339721778714
cluster_1166,cluster_1166,1,1,1,19A,pool2,cluster_1166_amp1,cluster_1166_amp1_LEFT,CTTCAAGTTGGTATTTGCCGATTGG,61.13029372453201,44.0,55,cluster_1166_amp1_RIGHT,TGTAAATTGTACGTTCGCAAACCAG,60.78366249458293,40.0,635,581,0.3466312299490823
cluster_1829,cluster_1829,1,2,2,"33B,33D",pool2,cluster_1829_amp1,cluster_1829_amp1_LEFT,ACATAGGTGCTAATGTTACTCCCTT,59.57121746726784,40.0,55,cluster_1829_amp1_RIGHT,CTGATTTCTCAGCCAATAGGAGCAA,61.149070389228086,44.0,639,585,1.5778529219602433
cluster_2483,cluster_2483,1,1,1,48,pool2,cluster_2483_amp1,cluster_2483_amp1_LEFT,AAGACGAAGGGCTTAACTGTTTCAG,61.48336908649816,44.0,55,cluster_2483_amp1_RIGHT,TGTGCTCAATGATACGAGTGTAAGG,60.9072132138013,44.0,647,593,0.5761558726968588
cluster_3329,cluster_3329,1,1,1,33H,pool2,cluster_3329_amp1,cluster_3329_amp1_LEFT,GCAATTCTATCTCTGAAAGTGGTAGATGTG,62.12068492663468,40.0,55,cluster_3329_amp1_RIGHT,TGTTTGTATTGGCATCTGAAGTAGG,59.35234170637597,40.0,631,577,7.768343220258714
cluster_3348,cluster_3348,1,1,1,NCC3_aliD_non_encapsulated,pool2,cluster_3348_amp1,cluster_3348_amp1_LEFT,TCAGAAGAGAACCTATGTTGGCTTT,60.22192486738828,40.0,55,cluster_3348_amp1_RIGHT,TTGAATCCTGTACCAAGTAAAGGGC,61.038170376143455,44.0,631,577,0.8162455087551734
cluster_1689,cluster_1689,1,1,1,29,pool2,cluster_1689_amp1,cluster_1689_amp1_LEFT,GTTTGCTTTGTTATTGGCAAGTTGC,61.007456854341626,40.0,56,cluster_1689_amp1_RIGHT,TGACTTCGATCATGAGTATGTGCAT,60.45235608292529,40.0,630,575,0.5551007714163347
cluster_2582,cluster_2582,1,1,1,19AF,pool2,cluster_2582_amp1,cluster_2582_amp1_LEFT,TGATTATCTCCGTGCTATTGTTTGG,59.47278592948328,40.0,56,cluster_2582_amp1_RIGHT,GTAAGTTTTCCGCTTTTGTTCGTCT,60.7286210158124,40.0,631,576,1.7985930547043267
cluster_2975,cluster_2975,1,1,1,36B,pool2,cluster_2975_amp1,cluster_2975_amp1_LEFT,CACATGAAAGACGTTGAACCGAAAA,60.95343812513778,40.0,56,cluster_2975_amp1_RIGHT,TGGATAATAAGGTTCATCTCCACGT,59.63439540092509,40.0,628,573,1.412166473937134
cluster_3339,cluster_3339,1,1,1,NCC1_pspK_non_encapsulated,pool2,cluster_3339_amp1,cluster_3339_amp1_LEFT,CCTTGACTATGTGATATAGTTGAGGGA,59.76644746706819,40.74074074074074,56,cluster_3339_amp1_RIGHT,TAGGCATCCAACCCTTTGATTGATT,60.814039517572496,40.0,655,600,3.419513015359314
cluster_747,cluster_747,1,1,1,13,pool2,cluster_747_amp1,cluster_747_amp1_LEFT,CATGGAAATTGGTAGCAGTAAGTGT,59.58429926835578,40.0,57,cluster_747_amp1_RIGHT,TGTAACACGAGGATCATTGTCCATC,60.91095849010537,44.0,631,575,1.5047422415388496
cluster_776,cluster_776,1,1,1,14,pool2,cluster_776_amp1,cluster_776_amp1_LEFT,CATGGAAACTGGTAGCAGTAAGTGT,61.03105086608019,44.0,57,cluster_776_amp1_RIGHT,TGTAACACGAGGATCATTGTCCATC,60.91095849010537,44.0,631,575,0.1200923759748207
cluster_1116,cluster_1116,1,1,1,18F,pool2,cluster_1116_amp1,cluster_1116_amp1_LEFT,GGACTGATACAACACGCTCCATATT,60.96898816447492,44.0,57,cluster_1116_amp1_RIGHT,CGTAGTCTGTGACAATCTTTTCCCA,61.02491787157038,44.0,638,582,0.0559297070954585
cluster_1123,cluster_1123,1,1,1,18F,pool2,cluster_1123_amp1,cluster_1123_amp1_LEFT,ACGTCATTATCCAATCCGTCGTTTA,60.67938228334936,40.0,57,cluster_1123_amp1_RIGHT,CCAAACTTACGTAACAGCTCTACCC,61.35970159472527,48.0,643,587,0.6803193113759107
cluster_1691,cluster_1691,1,1,1,29,pool2,cluster_1691_amp1,cluster_1691_amp1_LEFT,GCCAGAAATTTTAGCTCTTAGTGCA,60.106157469592006,40.0,57,cluster_1691_amp1_RIGHT,TGTTAAGCGAGAATCAGTTTGTCCA,60.97102729290015,40.0,624,568,0.922815237507848
cluster_1792,cluster_1792,1,1,1,33A,pool2,cluster_1792_amp1,cluster_1792_amp1_LEFT,TGAGATCTAGCGCTGTTTTAAGGAG,60.67989443582962,44.0,57,cluster_1792_amp1_RIGHT,GCATATTTCCTTTGGCTATCAATCGTC,61.04621975175269,40.74074074074074,628,572,2.3663253159230635
cluster_2064,cluster_2064,1,1,1,38,pool2,cluster_2064_amp1,cluster_2064_amp1_LEFT,GGGTATTTTGCGATGATACGTTTCG,61.05675938489634,44.0,57,cluster_2064_amp1_RIGHT,ATTCCGTTGGATATGCATTCCATTC,60.04780168971388,40.0,624,568,1.0089576951824597
cluster_2161,cluster_2161,1,2,2,"41A,41F",pool2,cluster_2161_amp1,cluster_2161_amp1_LEFT,GGGTGAGGATAAAGCACCAGATTTA,60.63148080237926,44.0,57,cluster_2161_amp1_RIGHT,TGTTGAAGAAGTTCTGAGGTCACAA,60.57064130455791,40.0,638,582,0.7978778930628323
cluster_2667,cluster_2667,1,1,1,10D,pool2,cluster_2667_amp1,cluster_2667_amp1_LEFT,ATGGGGATGATTGGATTGATGTACC,60.75293603216471,44.0,57,cluster_2667_amp1_RIGHT,AGCGTAACTAAATAATCTGCTCGCG,61.7886783732564,44.0,625,569,1.0357423410916908
cluster_1245,cluster_1245,1,1,1,19F,pool2,cluster_1245_amp1,cluster_1245_amp1_LEFT,CATGGAAATTGGTAGCAGTAAGTGT,59.58429926835578,40.0,58,cluster_1245_amp1_RIGHT,GAGGATCATCGTCCACCTTAAACAT,60.68507473310342,44.0,624,567,1.730625998540802
cluster_1598,cluster_1598,1,2,2,"25A,25F",pool2,cluster_1598_amp1,cluster_1598_amp1_LEFT,GCAACATCATGAAGTAACAGCGTTA,60.39046148251112,40.0,58,cluster_1598_amp1_RIGHT,AGACACTCTTAAAGCCAGATAAGCA,60.04630353569178,40.0,643,586,1.563234981797109
cluster_2124,cluster_2124,1,1,1,40,pool2,cluster_2124_amp1,cluster_2124_amp1_LEFT,ACTCTGTAGCTATGGATTGGTGTAA,59.33868843092364,40.0,58,cluster_2124_amp1_RIGHT,GCCTGATTAACTGCTTTATTCCCCA,61.38810563308181,44.0,643,586,2.049417202158168
cluster_2179,cluster_2179,1,2,2,"41A,41F",pool2,cluster_2179_amp1,cluster_2179_amp1_LEFT,ATATTTACCATGGTCCTGGTCTGAG,59.92767123518206,44.0,58,cluster_2179_amp1_RIGHT,GAATAGCTTCAACCTTGCGTGC,60.72915615578029,50.0,657,600,4.343172609037652
cluster_3119,cluster_3119,1,4,4,"19FI,19FII,19FIII,19FIV",pool2,cluster_3119_amp1,cluster_3119_amp1_LEFT,GTTGGTATCTCTCTATTTGGATTGCAG,60.04150824731266,40.74074074074074,58,cluster_3119_amp1_RIGHT,TTGCAGGTTGTAAGTTCGTAATCCA,60.97348826275066,40.0,629,572,2.9850034899366733
cluster_475,cluster_475,1,1,1,09N,pool2,cluster_475_amp1,cluster_475_amp1_LEFT,GTCACTCCTCTATTCAAGGCGTTAT,60.45207664375164,44.0,59,cluster_475_amp1_RIGHT,CCACCTTTTGCGTGTTTAAGTTGAT,60.962933636119885,40.0,637,579,0.5849897201284762
cluster_786,cluster_786,1,1,1,14,pool2,cluster_786_amp1,cluster_786_amp1_LEFT,AGGGTGTAAGGAGAAATAATGCTGG,60.63242703590515,44.0,59,cluster_786_amp1_RIGHT,ACTTGATGCTACAATGGCTTGAGAA,61.0368263732654,40.0,648,590,0.4043993373602461
cluster_2001,cluster_2001,1,1,1,35F,pool2,cluster_2001_amp1,cluster_2001_amp1_LEFT,CCCCAGACCTGTTACCAAGTAATTT,60.75082726391793,44.0,59,cluster_2001_amp1_RIGHT,TTCACTCTGCATCACCTACTGATAT,59.39993051201395,40.0,658,600,1.8492422240681208
cluster_2012,cluster_2012,1,1,1,36A,pool2,cluster_2012_amp1,cluster_2012_amp1_LEFT,AACACCCTAGCTCAAGAAGTCTTTG,60.97472452325178,44.0,59,cluster_2012_amp1_RIGHT,CTCTGAACGAAATCTCATTCTGGCT,61.13958989302592,44.0,657,599,0.1648653697741338
cluster_3296,cluster_3296,1,1,1,33H,pool2,cluster_3296_amp1,cluster_3296_amp1_LEFT,GTATTGGTGGTTTCCGTATGGATGT,61.14856673164053,44.0,59,cluster_3296_amp1_RIGHT,CGCGCATAGTTGAGGGATTCAATAT,61.591340413884325,44.0,629,571,0.7399071455248531
cluster_434,cluster_434,1,2,2,"09L,09N",pool2,cluster_434_amp1,cluster_434_amp1_LEFT,GTAGACCTCCATATATGCAACAGGC,61.08482081557855,48.0,60,cluster_434_amp1_RIGHT,GAGCAGCTACTTCTCTCAAAGAGTT,60.56662729493428,44.0,628,569,0.5181935206442745
cluster_813,cluster_813,1,1,1,15A,pool2,cluster_813_amp1,cluster_813_amp1_LEFT,GGACTCAGTATTTGATTCCTAGAGCT,59.95847709582228,42.30769230769231,61,cluster_813_amp1_RIGHT,TTATTCGTTAACTACACTGCACCGA,60.56445485321035,40.0,645,585,2.477068050967376
cluster_2965,cluster_2965,1,1,1,36B,pool2,cluster_2965_amp1,cluster_2965_amp1_LEFT,GACATGTAGAGGCAGGATTGAGAAC,61.19560366521796,48.0,61,cluster_2965_amp1_RIGHT,ACGTTCAGTTGTATCACGCATTACT,61.07648991243877,40.0,626,566,0.272093577656733
cluster_2067,cluster_2067,1,1,1,38,pool2,cluster_2067_amp1,cluster_2067_amp1_LEFT,ATACGATGAAGCGACGTACGTTTAA,60.951100279883406,40.0,63,cluster_2067_amp1_RIGHT,CATCGTACATTTGCCCAAGCTTTAG,60.95657748956643,44.0,662,600,0.0923222305501667
cluster_2260,cluster_2260,1,1,1,43,pool2,cluster_2260_amp1,cluster_2260_amp1_LEFT,AGCAGATACGATATCGCTGTAGATT,59.644370316486,40.0,63,cluster_2260_amp1_RIGHT,GCAGTTATCCCTATTCCAAAGGCAA,61.38810563308181,44.0,637,575,1.743735316595803
cluster_3066,cluster_3066,1,2,2,"19AI,19AIII",pool2,cluster_3066_amp1,cluster_3066_amp1_LEFT,TGAAAATATCATCGAATCGGAGCATCC,61.74244038027177,40.74074074074074,63,cluster_3066_amp1_RIGHT,AATCACCTTTTGTTGATTGCGCC,61.10690260564167,43.47826086956522,645,583,4.849342985913438
cluster_124,cluster_124,1,1,1,05,pool2,cluster_124_amp1,cluster_124_amp1_LEFT,AGTTCGCAATTTTAGTGGACCTCTT,60.97720868605279,40.0,64,cluster_124_amp1_RIGHT,TGCATGCTTGGCTAACTCATCTAAT,60.92126706146854,40.0,629,566,0.1015242524786685
cluster_613,cluster_613,1,2,2,"11B,11C",pool2,cluster_613_amp1,cluster_613_amp1_LEFT,CTTGCGAGAGAAGCTGGTTATGATA,60.737348857696986,44.0,64,cluster_613_amp1_RIGHT,TCTCTAATGCTATATTCCTCGCTGGA,61.028955051168566,42.30769230769231,627,564,1.29160619347158
cluster_2517,cluster_2517,1,1,1,06E,pool2,cluster_2517_amp1,cluster_2517_amp1_LEFT,AGAAAGAGAAAGGTGCGACTGTTTT,61.37620890036749,40.0,64,cluster_2517_amp1_RIGHT,AACTCTAGCAGTCCTGGTATAGCAT,60.92988512386165,44.0,631,568,0.4463237765058352
cluster_2752,cluster_2752,1,1,1,NCC2_aliC_aliD_non_encapsulated,pool2,cluster_2752_amp1,cluster_2752_amp1_LEFT,GCTAGCTTCTTCCTAGTTTGCTCTT,60.8564892594037,44.0,64,cluster_2752_amp1_RIGHT,ATCCGGTAACAAAATCCTGAGCTTT,61.03996897823038,40.0,644,581,0.1834797188266748
cluster_2935,cluster_2935,1,1,1,33E,pool2,cluster_2935_amp1,cluster_2935_amp1_LEFT,CCTTTTAGGTGGTTTTATAGCGCAA,60.106077554546005,40.0,64,cluster_2935_amp1_RIGHT,GTAGATGTTCCCTCCAATGTGATCG,61.25091343204764,48.0,641,578,1.1448358775016343
cluster_96,cluster_96,1,1,1,04,pool2,cluster_96_amp1,cluster_96_amp1_LEFT,CTAGACGCGTATGGAATGGTTATTT,59.30508982334101,40.0,65,cluster_96_amp1_RIGHT,ACCCGAAATGACTGTCGTAAAGA,59.99389006327056,43.47826086956522,664,600,4.701020113388438
cluster_511,cluster_511,1,1,1,10B,pool2,cluster_511_amp1,cluster_511_amp1_LEFT,TCTGACAATTCATCCTATTCCCAGT,59.57023779328142,40.0,65,cluster_511_amp1_RIGHT,CTCTTGATATTTAAGAAGGAGCTCTCC,59.12751718700122,40.74074074074074,661,597,5.302245019717361
cluster_810,cluster_810,1,4,4,"15A,15B,15C,15F",pool2,cluster_810_amp1,cluster_810_amp1_LEFT,GGAGGATTATGGGTAGATGCAACAG,61.03281960261711,48.0,65,cluster_810_amp1_RIGHT,CAGCACCTAATATCCGTGATAAATAAGGAG,61.64758079016957,40.0,642,578,5.68040039278668
cluster_1191,cluster_1191,1,2,2,"19B,19C",pool2,cluster_1191_amp1,cluster_1191_amp1_LEFT,GTGGGAATGTTTCTTATGTTTACCCTC,60.36266030140621,40.74074074074074,65,cluster_1191_amp1_RIGHT,AACCAGTAGCACTCTTGTCTGATTT,60.45532566674109,40.0,664,600,3.1820140318527024
cluster_587,cluster_587,1,2,2,"11A,11D",pool2,cluster_587_amp1,cluster_587_amp1_LEFT,ATGCATATAGAGATAAAGCATGGGC,59.17326284291181,40.0,66,cluster_587_amp1_RIGHT,GCTTCGAAGGTGATATTCTCATCTAGT,60.52305246475402,40.74074074074074,643,578,4.303684692334173
cluster_1156,cluster_1156,1,1,1,19A,pool2,cluster_1156_amp1,cluster_1156_amp1_LEFT,TGATGGGAGTTAACGCGGATAAAAT,60.91703221612369,40.0,66,cluster_1156_amp1_RIGHT,TAACGCTTAAAGAGACGTTTAGGCT,60.56543926602319,40.0,639,574,0.5175285178531226
cluster_2049,cluster_2049,1,1,1,37,pool2,cluster_2049_amp1,cluster_2049_amp1_LEFT,TTGCTTGTGATGCCAGCATTTATTC,61.13663460377637,40.0,66,cluster_2049_amp1_RIGHT,GCAACATGAGTCGCTTGTAGAATTC,60.94916289095482,44.0,649,584,0.1874717128215479
cluster_2927,cluster_2927,1,1,1,33E,pool2,cluster_2927_amp1,cluster_2927_amp1_LEFT,CGGATGCTAGAAATTTTGGTTTGGA,60.33637193261052,40.0,66,cluster_2927_amp1_RIGHT,GCGCTATTACTCAAAATAAAGGAGCC,60.78445263927944,42.30769230769231,654,589,1.8791754281100448
cluster_755,cluster_755,1,1,1,13,pool2,cluster_755_amp1,cluster_755_amp1_LEFT,TAATTCACGGAGCTAGTAATGCCAG,60.7390704890891,44.0,67,cluster_755_amp1_RIGHT,AGTAATTCTACTCCAGCTACTTCAGC,60.183360256089145,42.30769230769231,652,586,2.077569254821753
cluster_1225,cluster_1225,1,1,1,19C,pool2,cluster_1225_amp1,cluster_1225_amp1_LEFT,TTAACTCAACTTTTCAGGATTCGCC,60.04899069815474,40.0,67,cluster_1225_amp1_RIGHT,CGTCTATCTAGAATATCAGCCGGGA,61.14605630333301,48.0,638,572,1.0970656051782726
cluster_1229,cluster_1229,1,1,1,19C,pool2,cluster_1229_amp1,cluster_1229_amp1_LEFT,ACCGATGATTTACTACCCACTTTCA,60.046159125141685,40.0,67,cluster_1229_amp1_RIGHT,ACTTTCATGAGTTCCAGTATCCAGC,60.85965272765884,44.0,661,595,1.0941881471994748
cluster_1281,cluster_1281,1,1,1,21,pool2,cluster_1281_amp1,cluster_1281_amp1_LEFT,CGCTTTAGAAATCCGTCTGATACCA,60.96333436666862,44.0,67,cluster_1281_amp1_RIGHT,AATCGAATTCCATTTGCAAAGCCTC,61.13712588282334,40.0,644,578,0.1737915161547221
cluster_2444,cluster_2444,1,1,1,47F,pool2,cluster_2444_amp1,cluster_2444_amp1_LEFT,CGCGAATGGGTTCTGTCTTTTATTT,60.619086122618114,40.0,67,cluster_2444_amp1_RIGHT,TCGTTGAATCATCCCGAATTACAGA,60.39477265327105,40.0,642,576,0.9861412241108384
cluster_2530,cluster_2530,1,1,1,23B1,pool2,cluster_2530_amp1,cluster_2530_amp1_LEFT,TAGATGATGGTCCCAAGTCAAGAGA,60.81437563469535,44.0,67,cluster_2530_amp1_RIGHT,GGTCTGCTGTCCACATTATGCATAT,61.26371027677811,44.0,652,586,0.4493346420827606
cluster_2830,cluster_2830,1,1,1,24C,pool2,cluster_2830_amp1,cluster_2830_amp1_LEFT,AGGTATTATTCTTGCAGGTGGTTCG,61.14555578387683,44.0,67,cluster_2830_amp1_RIGHT,TCTGTGATTTCTAATTCTCCGCGAG,60.96093614388843,44.0,657,591,0.1846196399883979
cluster_2872,cluster_2872,1,1,1,20A,pool2,cluster_2872_amp1,cluster_2872_amp1_LEFT,CCTTTTAATGAGCGACCATATTCTCG,60.34691869292209,42.30769230769231,67,cluster_2872_amp1_RIGHT,TTAGTAGACTTCCCGCGAACCAAAA,62.4714128759382,44.0,664,598,3.124494183016111
cluster_2576,cluster_2576,1,1,1,19AF,pool2,cluster_2576_amp1,cluster_2576_amp1_LEFT,TGATATCATTCCTTTGGATGGTGCC,61.2158478538679,44.0,68,cluster_2576_amp1_RIGHT,CGATCTGCTTTGTATTGGAATTGCC,61.239491280364064,44.0,628,561,0.4553391342319628
cluster_2746,cluster_2746,1,1,1,NCC2_S_mitis_aliC_aliD_non_encapsulated,pool2,cluster_2746_amp1,cluster_2746_amp1_LEFT,ACAAAAGCTTATTCACAGGTCGGTA,60.74371425492228,40.0,68,cluster_2746_amp1_RIGHT,CAACTAGGTTGGTAATGATGGCTGT,61.09378482680944,44.0,663,596,0.3500705718871586
cluster_2754,cluster_2754,1,1,1,NCC2_aliC_aliD_non_encapsulated,pool2,cluster_2754_amp1,cluster_2754_amp1_LEFT,TTACACAAGGTGCCTATACCACTG,60.323180435025336,45.833333333333336,68,cluster_2754_amp1_RIGHT,CCGTTCCAAGTGTTTCTTCAATTGA,60.449861856773225,40.0,667,600,2.22695770820144
cluster_424,cluster_424,1,2,2,"09A,09V",pool2,cluster_424_amp1,cluster_424_amp1_LEFT,AGAAAAGGTTTGAGATAGTGACCGC,61.31239869997495,44.0,69,cluster_424_amp1_RIGHT,AAATCAGACAACTCCGAGACCTTTT,60.68770562626128,40.0,657,589,0.6246930737136722
cluster_559,cluster_559,1,1,1,10F,pool2,cluster_559_amp1,cluster_559_amp1_LEFT,TGGGACTATCTACCGTGACATTATT,59.163102141632464,40.0,69,cluster_559_amp1_RIGHT,TGTTCCTTCATAATCTCCAGCATCA,60.10440203238272,40.0,624,556,2.732495825984813
cluster_1964,cluster_1964,1,1,1,35B,pool2,cluster_1964_amp1,cluster_1964_amp1_LEFT,ATCGAACTTATGAAGAAATTGCGGC,60.73056769614874,40.0,69,cluster_1964_amp1_RIGHT,ATTCATCCGTAATCCGAAGCGTTTA,60.96574742804125,40.0,640,572,0.3036848758100063
cluster_2058,cluster_2058,1,1,1,38,pool2,cluster_2058_amp1,cluster_2058_amp1_LEFT,TTTTGATGTGGATGATGGGCCAAAG,62.31492600310781,44.0,69,cluster_2058_amp1_RIGHT,TGCATGTCACTTGCTACAATATGGA,60.8610682775078,40.0,644,576,1.4538577256000167
cluster_2060,cluster_2060,1,1,1,38,pool2,cluster_2060_amp1,cluster_2060_amp1_LEFT,TCTCTGGATGAATTGCCACAGATTT,60.80870992793922,40.0,69,cluster_2060_amp1_RIGHT,TCCAACAGGAGTATGACAGTAAACA,59.69409828201549,40.0,668,600,1.4971917900452922
cluster_2724,cluster_2724,1,1,1,06G,pool2,cluster_2724_amp1,cluster_2724_amp1_LEFT,TGCTCTCTTAGTCTATGTGCTAAACC,60.40595340851513,42.30769230769231,69,cluster_2724_amp1_RIGHT,TTTTCCTATACGCGTCTGAGCAAAA,61.307170059873386,40.0,663,595,1.9012166513582545
cluster_546,cluster_546,1,1,1,10C,pool2,cluster_546_amp1,cluster_546_amp1_LEFT,ATCTTTGTCAAATCTGCAAACGACC,60.79043388451044,40.0,70,cluster_546_amp1_RIGHT,AATTCCCATGATATTGGTCCAACCG,61.44664921528869,44.0,624,555,0.6562153307782523
cluster_1585,cluster_1585,1,2,2,"25A,25F",pool2,cluster_1585_amp1,cluster_1585_amp1_LEFT,CGCTTTGAAAGACAAGTCGACTATT,60.10745259865786,40.0,70,cluster_1585_amp1_RIGHT,AGCACTGTTACTTGATGACCCTTTT,60.92398751008892,40.0,664,595,0.9685598912532214
cluster_1614,cluster_1614,1,1,1,27,pool2,cluster_1614_amp1,cluster_1614_amp1_LEFT,ATTAATGCAGCCACCTCTTCTCATT,60.86787387262956,40.0,70,cluster_1614_amp1_RIGHT,CCGCCAATATAATTTACGTAGCTTCC,60.401795693807344,42.30769230769231,662,593,1.730330433563097
cluster_1721,cluster_1721,1,1,1,31,pool2,cluster_1721_amp1,cluster_1721_amp1_LEFT,CATGATTCTAGCAAAAGGAAAGGGA,59.34623077087406,40.0,70,cluster_1721_amp1_RIGHT,TCTAGATGATATGTGCTCTCAGCCA,60.98433259946432,44.0,661,592,1.669436629661618
cluster_2086,cluster_2086,1,1,1,39,pool2,cluster_2086_amp1,cluster_2086_amp1_LEFT,TGGAAATTATAGGAAGGAATGACGGAG,60.68931266580404,40.74074074074074,70,cluster_2086_amp1_RIGHT,ATCGAGATCCATTCTGTCAGCAAAA,60.85929976364741,40.0,651,582,2.4513875705485475
cluster_2254,cluster_2254,1,1,1,43,pool2,cluster_2254_amp1,cluster_2254_amp1_LEFT,TGGAAATTATAGGAAGGGATGACGG,60.221843441243664,44.0,70,cluster_2254_amp1_RIGHT,ATCGAGATCCATTCTGTCAGCAAAA,60.85929976364741,40.0,651,582,0.9188567951089226
cluster_2712,cluster_2712,1,1,1,06F,pool2,cluster_2712_amp1,cluster_2712_amp1_LEFT,CAACTGGAAGAAGCTGAACTTGTTG,60.958156789697625,44.0,70,cluster_2712_amp1_RIGHT,GAGAGTTTCCTCGTTTGGAAGACAT,61.02709801326591,44.0,649,580,0.068941223568288
cluster_2936,cluster_2936,1,1,1,33E,pool2,cluster_2936_amp1,cluster_2936_amp1_LEFT,CACGAAGCTACAAAACGTGGAAAA,60.72830738329986,41.66666666666666,70,cluster_2936_amp1_RIGHT,ACCAAGCTCAACTTCAACGTCTTTA,61.14355889965054,40.0,648,579,1.4152515163506791
cluster_3048,cluster_3048,1,1,1,24F2,pool2,cluster_3048_amp1,cluster_3048_amp1_LEFT,AGCGAACGATTAGTATGTACGATCA,60.04988595716918,40.0,70,cluster_3048_amp1_RIGHT,AACCTGATAAGGCATTCGATCTTCA,60.39677178436813,40.0,659,590,1.553342258462692
cluster_94,cluster_94,1,1,1,04,pool2,cluster_94_amp1,cluster_94_amp1_LEFT,GCAGATGCTATTTTGTATATCCCGG,59.93478229652084,44.0,71,cluster_94_amp1_RIGHT,ACAATGATGTCATTTCTGCAGGAGA,60.80542443387395,40.0,662,592,1.2597932696052112
cluster_2522,cluster_2522,1,1,1,23B1,pool2,cluster_2522_amp1,cluster_2522_amp1_LEFT,ATCTGTCTTGATTGAAAACACTGCG,60.56153181486548,40.0,71,cluster_2522_amp1_RIGHT,GCTAGAAACTTAGCGAATTGGCACT,61.873962215441,44.0,659,589,1.312430400575522
cluster_2525,cluster_2525,1,1,1,23B1,pool2,cluster_2525_amp1,cluster_2525_amp1_LEFT,CTTTCGACTCTCCCTTTAGCTTGAG,61.13320977021459,48.0,71,cluster_2525_amp1_RIGHT,TGTCCGTCATTTCTGTGAATTGCTA,61.02885027620096,40.0,661,591,0.1620600464155472
cluster_2606,cluster_2606,1,1,1,11E,pool2,cluster_2606_amp1,cluster_2606_amp1_LEFT,AACACAGAATATGACGGGGAGTATC,60.22146131291771,44.0,71,cluster_2606_amp1_RIGHT,GCTAACAAAAGCCCATGCCTTATTT,60.857891584091306,40.0,627,557,0.9206471029909836
cluster_2905,cluster_2905,1,1,1,11F_like,pool2,cluster_2905_amp1,cluster_2905_amp1_LEFT,ACTGATTTCGTTAGTTTCCACAGGT,60.686649965091306,40.0,71,cluster_2905_amp1_RIGHT,TGAGATAATCTCCTAATTGCTTCGC,59.07116064599853,40.0,625,555,2.2421893889101625
cluster_3046,cluster_3046,1,1,1,24F2,pool2,cluster_3046_amp1,cluster_3046_amp1_LEFT,ATGTTTAGAAGTGGGATTATCGGGC,60.97720868605279,44.0,71,cluster_3046_amp1_RIGHT,AACATCATCTTGATCCGAGAAAGCA,60.85929976364741,40.0,645,575,0.1634915502997955
cluster_3121,cluster_3121,1,4,4,"19FI,19FII,19FIII,19FIV",pool2,cluster_3121_amp1,cluster_3121_amp1_LEFT,ATGATTCTAACTGACTCAGGAGGGG,61.40024205213956,48.0,71,cluster_3121_amp1_RIGHT,CTCTTCCCCAATGATAAAGGCTTGT,61.10050480188528,44.0,660,590,0.5007468540248396
cluster_376,cluster_376,1,1,1,08,pool2,cluster_376_amp1,cluster_376_amp1_LEFT,TAGGTTTTGTACGTGAACGCTACTC,61.06876199670626,44.0,72,cluster_376_amp1_RIGHT,GCTACTTCTTTTGCAATTTCCCGAA,60.79230722026915,40.0,655,584,0.2764547764371059
cluster_1127,cluster_1127,1,1,1,18F,pool2,cluster_1127_amp1,cluster_1127_amp1_LEFT,CAAATTATTGCAGGAATGACACCGG,61.18731534492821,44.0,72,cluster_1127_amp1_RIGHT,TGCCTATCTGTAGCCAACTCTAAGT,61.10390212694483,44.0,642,571,0.2912174718730398
cluster_1183,cluster_1183,1,2,2,"19B,19C",pool2,cluster_1183_amp1,cluster_1183_amp1_LEFT,ATGGATCAAAATACGATGCAAGGTG,60.22110622683209,40.0,72,cluster_1183_amp1_RIGHT,CTCCATCCGCATTAATGATTCCTGA,61.0323767268909,44.0,660,589,0.8112705000588107
cluster_1912,cluster_1912,1,1,1,34,pool2,cluster_1912_amp1,cluster_1912_amp1_LEFT,GCGAATTCGGAAAGCAATGTGTTTA,61.34658522251192,40.0,72,cluster_1912_amp1_RIGHT,GCCACCAGAATCATCCAAAATCCAT,61.91482624974509,44.0,640,569,1.2614114722570091
cluster_2054,cluster_2054,1,1,1,38,pool2,cluster_2054_amp1,cluster_2054_amp1_LEFT,AATGAGTCGCAGAAATATCGGACAA,60.91095849010537,40.0,72,cluster_2054_amp1_RIGHT,AAGATTTCAAGTGGACTGCTGTTCC,61.72268866101001,44.0,647,576,0.8117301709046387
cluster_2574,cluster_2574,1,1,1,19AF,pool2,cluster_2574_amp1,cluster_2574_amp1_LEFT,TGATGGGAGTTAACGCGGATAAAAT,60.91703221612369,40.0,72,cluster_2574_amp1_RIGHT,CTCATTTGCCACACGAAACAACC,61.33786523634984,47.82608695652174,622,551,2.420833020226155
cluster_2704,cluster_2704,1,2,2,"06F,06G",pool2,cluster_2704_amp1,cluster_2704_amp1_LEFT,GCATCAAAACAACTTATGCCGGTTT,61.53054413895137,40.0,72,cluster_2704_amp1_RIGHT,CCATAAGCTCAACGGATAAGTCTCC,61.02274896705654,48.0,657,586,0.5532931060079136
cluster_390,cluster_390,1,1,1,08,pool2,cluster_390_amp1,cluster_390_amp1_LEFT,CCATTCAGGCAAGTATTATTGGTGT,59.63928606433382,40.0,73,cluster_390_amp1_RIGHT,ATGCAGACTTCGCAAATTGTGAATC,61.127395528113766,40.0,639,567,1.4881094637799492
cluster_443,cluster_443,1,1,1,09L,pool2,cluster_443_amp1,cluster_443_amp1_LEFT,AATGGGATTCTTGTTCCTGTTAAGG,59.283297345092365,40.0,73,cluster_443_amp1_RIGHT,CCTCTGGAAATGGACTTTGGAGATT,60.80904038706484,44.0,657,585,1.9076622678427952
cluster_2016,cluster_2016,1,1,1,36A,pool2,cluster_2016_amp1,cluster_2016_amp1_LEFT,GTTCTCTATCCTTGTCAGCTCTGTG,60.9068408056504,48.0,73,cluster_2016_amp1_RIGHT,CCACCATCTGCTATTGGTACATAGG,60.80120455115394,48.0,663,591,0.2919546431956519
cluster_2173,cluster_2173,1,1,1,41A,pool2,cluster_2173_amp1,cluster_2173_amp1_LEFT,TGGACATAGGATCTATTATCAGGGGA,60.00984048688349,42.30769230769231,73,cluster_2173_amp1_RIGHT,CTGAATCATAATTTGTTGGAGCTGC,59.25280252352093,40.0,633,561,3.737356989595584
cluster_2549,cluster_2549,1,1,1,23B1,pool2,cluster_2549_amp1,cluster_2549_amp1_LEFT,ATGGGACTACAGGGGATTACAATCT,60.88152693959927,44.0,73,cluster_2549_amp1_RIGHT,TTTTAGTATCCTAGCAAACGCCCTC,60.91360332674611,44.0,662,590,0.2048697336546183
cluster_2798,cluster_2798,1,1,1,24C,pool2,cluster_2798_amp1,cluster_2798_amp1_LEFT,GCCAGACAGTAACCTCTATGTGATG,60.96655510312462,48.0,73,cluster_2798_amp1_RIGHT,TTTACTTGCGTGTAACAGCCCATAT,61.08998886884217,40.0,652,580,0.1234337657175501
cluster_2873,cluster_2873,1,1,1,20A,pool2,cluster_2873_amp1,cluster_2873_amp1_LEFT,ATATTTTGATGTTGGGAATCACGCC,60.45179778449352,40.0,73,cluster_2873_amp1_RIGHT,CCTGCAAGTCTTGATTGGTTAAACC,60.79356254686979,44.0,662,590,0.7546396686366847
cluster_283,cluster_283,1,1,1,07B,pool2,cluster_283_amp1,cluster_283_amp1_LEFT,ATGGTTGGTGGGTCAGTAATCGATA,61.63306397727774,44.0,74,cluster_283_amp1_RIGHT,GCCCTATATGTAACGTACTACTATGTAACG,61.058840891266016,40.0,666,593,5.691904868543759
cluster_1062,cluster_1062,1,1,1,18A,pool2,cluster_1062_amp1,cluster_1062_amp1_LEFT,TGATGTAGTAGAGATTGCCAAGAGT,59.34136590363096,40.0,74,cluster_1062_amp1_RIGHT,ACAGAGATGTACTTATCCCAAGGCT,61.11077284546121,44.0,667,594,1.7694069418302547
cluster_2427,cluster_2427,1,1,1,47A,pool2,cluster_2427_amp1,cluster_2427_amp1_LEFT,TTTCGCAAGGCATTATGTGGTTAAG,60.62110407000699,40.0,74,cluster_2427_amp1_RIGHT,TGCTAACTACAGCACCTGACATTAC,60.8533552474658,44.0,634,561,0.5255406825272075
cluster_2797,cluster_2797,1,1,1,24C,pool2,cluster_2797_amp1,cluster_2797_amp1_LEFT,ATGCGGGCATTTATGGAGTTGATTC,62.23600741176352,44.0,74,cluster_2797_amp1_RIGHT,CCATCACATCCTGTATAGCTGCTTT,60.97596465827144,44.0,652,579,1.2600427534920868
cluster_3097,cluster_3097,1,1,1,19AIII,pool2,cluster_3097_amp1,cluster_3097_amp1_LEFT,CCATGTGACAGTGCTGGACAAG,61.70243661178927,54.54545454545455,74,cluster_3097_amp1_RIGHT,GCACATTCTTACCTTCTCCGTAGAG,60.96133482303884,48.0,654,581,3.741101788750427
cluster_117,cluster_117,1,1,1,05,pool2,cluster_117_amp1,cluster_117_amp1_LEFT,AAGCAAAGTGTGGTTTTGTCAGTC,60.61822737019367,41.66666666666666,75,cluster_117_amp1_RIGHT,TCAGAAGTTGTGTAGGTATCCCACT,60.98986716242666,44.0,640,566,1.3919054673796722
cluster_579,cluster_579,1,2,2,"11A,11D",pool2,cluster_579_amp1,cluster_579_amp1_LEFT,AGCCGTCAGTGTTTTAGATAAACCA,60.74371425492228,40.0,75,cluster_579_amp1_RIGHT,AGCTCGTCTTCCGTATAAAATGACC,60.9637355093966,44.0,661,587,0.2925502356811194
cluster_1046,cluster_1046,1,1,1,18A,pool2,cluster_1046_amp1,cluster_1046_amp1_LEFT,CAACATCTGCCCTTGTTATCCCAG,61.702389319975566,50.0,75,cluster_1046_amp1_RIGHT,TCTGTAGGCCCTATCTTCAAGTTGT,61.28495289073607,44.0,651,577,1.9873422107116312
cluster_1082,cluster_1082,1,2,2,"18B,18C",pool2,cluster_1082_amp1,cluster_1082_amp1_LEFT,CAACATCTGCCCTTGTTATCCCAG,61.702389319975566,50.0,75,cluster_1082_amp1_RIGHT,TTGCACTTCTCGAATAGCCTTACTC,60.90758600552607,44.0,630,556,1.7948033144494957
cluster_1344,cluster_1344,1,1,1,22F,pool2,cluster_1344_amp1,cluster_1344_amp1_LEFT,CGAGTAGGGAGGAAGAGGTAAAAGT,61.33078692642857,48.0,75,cluster_1344_amp1_RIGHT,CAGAAGCATCACACGTTTTCCAAAT,61.01758892722847,40.0,669,595,0.3483758536570462
cluster_1345,cluster_1345,1,1,1,22F,pool2,cluster_1345_amp1,cluster_1345_amp1_LEFT,TTTTACTTGGTGGTTTAGCTCTCCT,60.163130750309165,40.0,75,cluster_1345_amp1_RIGHT,GGCAACTAGTAGGACTAACGCAG,60.73429258812968,52.17391304347826,662,588,3.1025766615611587
cluster_1538,cluster_1538,1,2,2,"24B,24F",pool2,cluster_1538_amp1,cluster_1538_amp1_LEFT,AAATGGGGTGAACGTCTTATTGGAA,60.983487862972254,40.0,75,cluster_1538_amp1_RIGHT,TACATCAACGGAATCATATCTGCAG,59.07173587372159,40.0,624,550,1.944776263306153
cluster_1624,cluster_1624,1,1,1,27,pool2,cluster_1624_amp1,cluster_1624_amp1_LEFT,ATACCGGATTGAGATGGAAAACGAG,60.96898816447492,44.0,75,cluster_1624_amp1_RIGHT,CTCCACCTTTAAACTTCCTACTCCA,59.98723233152987,44.0,667,593,1.0437795039952107
cluster_1724,cluster_1724,1,1,1,31,pool2,cluster_1724_amp1,cluster_1724_amp1_LEFT,AGTTACTTGGGAAGTTTGTAACGGA,60.3966597303035,40.0,75,cluster_1724_amp1_RIGHT,CCTTCTTATAATGATATGCTAGACGAGGTG,61.26021169826504,40.0,674,600,5.863551967961541
cluster_1766,cluster_1766,1,2,2,"32A,32F",pool2,cluster_1766_amp1,cluster_1766_amp1_LEFT,ATAGAGCTACTATCTCCTCCTTCGT,59.7501478607727,44.0,75,cluster_1766_amp1_RIGHT,CACTTCTCTGTCTGCTAGGTGTTTT,60.97061862086127,44.0,632,558,1.279233518366027
cluster_2555,cluster_2555,1,1,1,23B1,pool2,cluster_2555_amp1,cluster_2555_amp1_LEFT,CTGATGCAGGAGCTTGTTTCTTTGA,62.00071712098321,44.0,75,cluster_2555_amp1_RIGHT,TCACTTGATCGGTAACATCGATTCC,60.96333436666862,44.0,667,593,1.037382754314592
cluster_2742,cluster_2742,1,1,1,NCC2_S_mitis_aliC_aliD_non_encapsulated,pool2,cluster_2742_amp1,cluster_2742_amp1_LEFT,ACCAAGGTTTTCATTGTACTGACCT,60.63385390215717,40.0,75,cluster_2742_amp1_RIGHT,TCAGACCTGTAACAAAATCCTGAGC,61.03105086608019,44.0,649,575,0.3971969639230224
cluster_2779,cluster_2779,1,1,1,35D,pool2,cluster_2779_amp1,cluster_2779_amp1_LEFT,AGAGATAGGGACACCTCGAAATGAT,60.92988512386165,44.0,75,cluster_2779_amp1_RIGHT,GAGTTGCATTTCCGTGTTCAAAACT,61.18577637195432,40.0,652,578,0.2558912480926665
