serotype,primer_name,gene,start,end,size,mismatches
01,cluster_21_amp1,cluster_21,10531,11127,596,0
01,cluster_24_amp1,cluster_24,12044,12638,594,0
01,cluster_26_amp1,cluster_26,13066,13664,598,0
01,cluster_299_amp1,cluster_299,16512,17086,574,2
01,cluster_906_amp1,cluster_906,14861,15460,599,1
01,cluster_1229_amp1,cluster_1229,13999,14582,583,1
01,cluster_1297_amp1,cluster_1297,15807,16406,599,2
01,cluster_2016_amp1,cluster_2016,239,830,591,3
01,cluster_2844_amp1,cluster_2844,2696,3288,592,1
01,cluster_3363_amp1,cluster_3363,6529,7124,595,0
02,cluster_43_amp1,cluster_43,5042,5636,594,0
02,cluster_45_amp1,cluster_45,6050,6641,591,0
02,cluster_51_amp1,cluster_51,9055,9653,598,0
02,cluster_257_amp1,cluster_257,14317,14908,591,2
02,cluster_299_amp1,cluster_299,16675,17249,574,0
02,cluster_603_amp1,cluster_603,2083,2676,593,1
02,cluster_906_amp1,cluster_906,15024,15623,599,2
02,cluster_1297_amp1,cluster_1297,15970,16569,599,2
02,cluster_1348_amp1,cluster_1348,4076,4675,599,1
02,cluster_2016_amp1,cluster_2016,248,839,591,1
02,cluster_2722_amp1,cluster_2722,2914,3485,571,1
02,cluster_2798_amp1,cluster_2798,1364,1944,580,0
03,cluster_68_amp1,cluster_68,542,1125,583,0
03,cluster_70_amp1,cluster_70,1546,2126,580,0
03,cluster_72_amp1,cluster_72,2561,3134,573,0
04,cluster_83_amp1,cluster_83,4048,4642,594,0
04,cluster_91_amp1,cluster_91,8046,8644,598,0
04,cluster_94_amp1,cluster_94,9571,10163,592,0
04,cluster_96_amp1,cluster_96,10565,11165,600,0
04,cluster_690_amp1,cluster_690,13454,14046,592,0
04,cluster_2016_amp1,cluster_2016,239,830,591,1
04,cluster_2316_amp1,cluster_2316,14813,15413,600,0
04,cluster_2798_amp1,cluster_2798,1355,1935,580,0
04,cluster_2844_amp1,cluster_2844,2696,3288,592,2
05,cluster_117_amp1,cluster_117,5575,6141,566,0
05,cluster_124_amp1,cluster_124,9064,9630,566,0
05,cluster_130_amp1,cluster_130,12055,12637,582,0
05,cluster_132_amp1,cluster_132,13069,13638,569,0
05,cluster_2016_amp1,cluster_2016,215,806,591,2
05,cluster_2316_amp1,cluster_2316,14800,15400,600,1
05,cluster_2844_amp1,cluster_2844,2672,3264,592,2
06A,cluster_151_amp1,cluster_151,7030,7623,593,0
06A,cluster_192_amp1,cluster_192,8227,8830,603,1
06A,cluster_299_amp1,cluster_299,13970,14544,574,0
06A,cluster_603_amp1,cluster_603,2074,2667,593,1
06A,cluster_906_amp1,cluster_906,12319,12918,599,1
06A,cluster_1229_amp1,cluster_1229,11445,12040,595,2
06A,cluster_1297_amp1,cluster_1297,13265,13864,599,2
06A,cluster_1348_amp1,cluster_1348,4076,4675,599,0
06A,cluster_2016_amp1,cluster_2016,239,830,591,1
06A,cluster_2722_amp1,cluster_2722,2905,3476,571,0
06A,cluster_2798_amp1,cluster_2798,1355,1935,580,0
06A,cluster_3157_amp1,cluster_3157,9382,9980,598,0
06B,cluster_151_amp1,cluster_151,7030,7623,593,0
06B,cluster_192_amp1,cluster_192,8227,8830,603,1
06B,cluster_299_amp1,cluster_299,13944,14518,574,0
06B,cluster_603_amp1,cluster_603,2074,2667,593,1
06B,cluster_906_amp1,cluster_906,12293,12892,599,1
06B,cluster_1229_amp1,cluster_1229,11419,12014,595,1
06B,cluster_1297_amp1,cluster_1297,13239,13838,599,0
06B,cluster_1348_amp1,cluster_1348,4076,4675,599,0
06B,cluster_2016_amp1,cluster_2016,239,830,591,3
06B,cluster_2722_amp1,cluster_2722,2905,3476,571,0
06B,cluster_2798_amp1,cluster_2798,1355,1935,580,0
06B,cluster_3157_amp1,cluster_3157,9382,9980,598,2
06C,cluster_151_amp1,cluster_151,6837,7430,593,0
06C,cluster_192_amp1,cluster_192,8034,8631,597,0
06C,cluster_299_amp1,cluster_299,13772,14346,574,0
06C,cluster_603_amp1,cluster_603,2074,2667,593,1
06C,cluster_906_amp1,cluster_906,12121,12720,599,1
06C,cluster_1229_amp1,cluster_1229,11247,11842,595,3
06C,cluster_1297_amp1,cluster_1297,13067,13666,599,3
06C,cluster_1348_amp1,cluster_1348,4076,4675,599,0
06C,cluster_2016_amp1,cluster_2016,239,830,591,3
06C,cluster_2711_amp1,cluster_2711,14709,15304,595,0
06C,cluster_2722_amp1,cluster_2722,2905,3476,571,0
06C,cluster_2798_amp1,cluster_2798,1355,1935,580,0
06C,cluster_3157_amp1,cluster_3157,9183,9781,598,1
06D,cluster_151_amp1,cluster_151,6837,7430,593,0
06D,cluster_192_amp1,cluster_192,8034,8637,603,1
06D,cluster_299_amp1,cluster_299,13778,14352,574,0
06D,cluster_603_amp1,cluster_603,2074,2667,593,2
06D,cluster_906_amp1,cluster_906,12127,12726,599,1
06D,cluster_1229_amp1,cluster_1229,11253,11848,595,2
06D,cluster_1297_amp1,cluster_1297,13073,13672,599,1
06D,cluster_1348_amp1,cluster_1348,4076,4675,599,0
06D,cluster_2016_amp1,cluster_2016,239,830,591,1
06D,cluster_2722_amp1,cluster_2722,2905,3476,571,0
06D,cluster_2798_amp1,cluster_2798,1355,1935,580,0
06D,cluster_3157_amp1,cluster_3157,9189,9787,598,0
07A,cluster_236_amp1,cluster_236,5566,6128,562,0
07A,cluster_238_amp1,cluster_238,6532,7129,597,0
07A,cluster_240_amp1,cluster_240,7553,8147,594,0
07A,cluster_257_amp1,cluster_257,16038,16629,591,0
07A,cluster_299_amp1,cluster_299,18396,18970,574,0
07A,cluster_356_amp1,cluster_356,10563,11154,591,0
07A,cluster_747_amp1,cluster_747,4057,4632,575,3
07A,cluster_906_amp1,cluster_906,16745,17344,599,0
07A,cluster_1297_amp1,cluster_1297,17691,18290,599,1
07A,cluster_2844_amp1,cluster_2844,2696,3288,592,1
07B,cluster_283_amp1,cluster_283,9574,10167,593,0
07B,cluster_288_amp1,cluster_288,12053,12653,600,0
07B,cluster_299_amp1,cluster_299,17574,18148,574,0
07B,cluster_313_amp1,cluster_313,5547,6122,575,3
07B,cluster_315_amp1,cluster_315,6545,7137,592,1
07B,cluster_328_amp1,cluster_328,13530,14128,598,0
07B,cluster_747_amp1,cluster_747,4057,4632,575,2
07B,cluster_906_amp1,cluster_906,15923,16522,599,1
07B,cluster_1229_amp1,cluster_1229,15049,15644,595,2
07B,cluster_1297_amp1,cluster_1297,16869,17468,599,0
07B,cluster_2016_amp1,cluster_2016,239,830,591,2
07B,cluster_2844_amp1,cluster_2844,2696,3288,592,2
07C,cluster_283_amp1,cluster_283,9577,10170,593,1
07C,cluster_288_amp1,cluster_288,12056,12656,600,0
07C,cluster_299_amp1,cluster_299,17576,18150,574,0
07C,cluster_313_amp1,cluster_313,5551,6126,575,0
07C,cluster_315_amp1,cluster_315,6549,7140,591,0
07C,cluster_328_amp1,cluster_328,13533,14131,598,0
07C,cluster_906_amp1,cluster_906,15925,16524,599,1
07C,cluster_1229_amp1,cluster_1229,15051,15646,595,2
07C,cluster_1297_amp1,cluster_1297,16871,17470,599,0
07C,cluster_2016_amp1,cluster_2016,239,830,591,3
07C,cluster_2798_amp1,cluster_2798,1355,1935,580,0
07C,cluster_2844_amp1,cluster_2844,2696,3288,592,1
07F,cluster_236_amp1,cluster_236,5575,6137,562,0
07F,cluster_238_amp1,cluster_238,6541,7138,597,0
07F,cluster_240_amp1,cluster_240,7538,8132,594,0
07F,cluster_257_amp1,cluster_257,16022,16613,591,0
07F,cluster_299_amp1,cluster_299,18380,18954,574,0
07F,cluster_356_amp1,cluster_356,10547,11138,591,0
07F,cluster_747_amp1,cluster_747,4066,4641,575,3
07F,cluster_906_amp1,cluster_906,16729,17328,599,0
07F,cluster_1297_amp1,cluster_1297,17675,18274,599,1
07F,cluster_2844_amp1,cluster_2844,2705,3297,592,1
08,cluster_390_amp1,cluster_390,8073,8640,567,0
08,cluster_603_amp1,cluster_603,2074,2667,593,2
08,cluster_1348_amp1,cluster_1348,4076,4675,599,0
08,cluster_2016_amp1,cluster_2016,239,830,591,2
08,cluster_2722_amp1,cluster_2722,2905,3476,571,1
08,cluster_2798_amp1,cluster_2798,1355,1935,580,1
09A,cluster_424_amp1,cluster_424,13569,14158,589,0
09A,cluster_426_amp1,cluster_426,14552,15143,591,0
09A,cluster_441_amp1,cluster_441,5546,6132,586,0
09A,cluster_443_amp1,cluster_443,6578,7163,585,0
09A,cluster_603_amp1,cluster_603,2074,2667,593,1
09A,cluster_1348_amp1,cluster_1348,4076,4675,599,0
09A,cluster_2016_amp1,cluster_2016,239,830,591,1
09A,cluster_2722_amp1,cluster_2722,2905,3476,571,1
09A,cluster_2798_amp1,cluster_2798,1355,1935,580,1
09L,cluster_441_amp1,cluster_441,5541,6127,586,0
09L,cluster_443_amp1,cluster_443,6573,7158,585,0
09L,cluster_476_amp1,cluster_476,14071,14624,553,2
09L,cluster_747_amp1,cluster_747,4057,4632,575,1
09L,cluster_2016_amp1,cluster_2016,239,830,591,1
09L,cluster_2844_amp1,cluster_2844,2696,3288,592,0
09N,cluster_441_amp1,cluster_441,5541,6127,586,2
09N,cluster_443_amp1,cluster_443,6573,7158,585,0
09N,cluster_476_amp1,cluster_476,14071,14625,554,0
09N,cluster_747_amp1,cluster_747,4057,4632,575,1
09N,cluster_2016_amp1,cluster_2016,239,830,591,1
09N,cluster_2844_amp1,cluster_2844,2696,3288,592,0
09V,cluster_424_amp1,cluster_424,13569,14158,589,0
09V,cluster_426_amp1,cluster_426,14552,15143,591,0
09V,cluster_441_amp1,cluster_441,5546,6132,586,0
09V,cluster_443_amp1,cluster_443,6578,7163,585,0
09V,cluster_603_amp1,cluster_603,2074,2667,593,1
09V,cluster_1348_amp1,cluster_1348,4076,4675,599,0
09V,cluster_2016_amp1,cluster_2016,239,830,591,1
09V,cluster_2722_amp1,cluster_2722,2905,3476,571,1
09V,cluster_2798_amp1,cluster_2798,1355,1935,580,1
10A,cluster_487_amp1,cluster_487,4547,5145,598,0
10A,cluster_496_amp1,cluster_496,9034,9633,599,0
10A,cluster_509_amp1,cluster_509,2068,2668,600,0
10A,cluster_512_amp1,cluster_512,6553,7141,588,2
10A,cluster_536_amp1,cluster_536,5537,6127,590,3
10A,cluster_1854_amp1,cluster_1854,11961,12561,600,3
10A,cluster_2016_amp1,cluster_2016,239,830,591,1
10A,cluster_2798_amp1,cluster_2798,1355,1935,580,0
10A,cluster_3346_amp1,cluster_3346,13159,13759,600,0
10B,cluster_487_amp1,cluster_487,4547,5145,598,1
10B,cluster_509_amp1,cluster_509,2068,2668,600,0
10B,cluster_512_amp1,cluster_512,6553,7141,588,0
10B,cluster_536_amp1,cluster_536,5537,6127,590,3
10B,cluster_1854_amp1,cluster_1854,11952,12552,600,3
10B,cluster_2016_amp1,cluster_2016,239,830,591,1
10B,cluster_2635_amp1,cluster_2635,8180,8779,599,4
10B,cluster_3346_amp1,cluster_3346,13150,13750,600,0
10C,cluster_487_amp1,cluster_487,4548,5146,598,0
10C,cluster_512_amp1,cluster_512,6554,7142,588,2
10C,cluster_531_amp1,cluster_531,3033,3633,600,0
10C,cluster_536_amp1,cluster_536,5538,6128,590,0
10C,cluster_551_amp1,cluster_551,13549,14128,579,0
10C,cluster_603_amp1,cluster_603,2074,2667,593,2
10C,cluster_2016_amp1,cluster_2016,239,830,591,1
10C,cluster_2798_amp1,cluster_2798,1355,1935,580,0
10F,cluster_487_amp1,cluster_487,4549,5147,598,0
10F,cluster_512_amp1,cluster_512,6555,7143,588,3
10F,cluster_531_amp1,cluster_531,3033,3633,600,0
10F,cluster_536_amp1,cluster_536,5539,6129,590,2
10F,cluster_551_amp1,cluster_551,13556,14135,579,0
10F,cluster_603_amp1,cluster_603,2074,2667,593,2
10F,cluster_2016_amp1,cluster_2016,239,830,591,1
10F,cluster_2798_amp1,cluster_2798,1355,1935,580,0
11A,cluster_584_amp1,cluster_584,6529,7128,599,0
11A,cluster_587_amp1,cluster_587,8066,8644,578,0
11A,cluster_603_amp1,cluster_603,2074,2667,593,0
11A,cluster_1348_amp1,cluster_1348,4076,4669,593,2
11A,cluster_1419_amp1,cluster_1419,3033,3633,600,2
11A,cluster_2016_amp1,cluster_2016,239,830,591,1
11A,cluster_2610_amp1,cluster_2610,9506,10106,600,4
11A,cluster_2798_amp1,cluster_2798,1355,1935,580,1
11A,cluster_2905_amp1,cluster_2905,12553,13109,556,2
11B,cluster_603_amp1,cluster_603,2075,2668,593,0
11B,cluster_613_amp1,cluster_613,7064,7628,564,0
11B,cluster_1348_amp1,cluster_1348,4095,4694,599,2
11B,cluster_2798_amp1,cluster_2798,1356,1936,580,2
11B,cluster_2905_amp1,cluster_2905,12548,13103,555,1
11C,cluster_603_amp1,cluster_603,2074,2667,593,0
11C,cluster_613_amp1,cluster_613,7045,7609,564,0
11C,cluster_1348_amp1,cluster_1348,4076,4675,599,2
11C,cluster_2798_amp1,cluster_2798,1355,1935,580,2
11D,cluster_584_amp1,cluster_584,6529,7128,599,0
11D,cluster_587_amp1,cluster_587,8066,8644,578,0
11D,cluster_603_amp1,cluster_603,2074,2667,593,0
11D,cluster_1348_amp1,cluster_1348,4076,4669,593,2
11D,cluster_1419_amp1,cluster_1419,3033,3633,600,2
11D,cluster_2016_amp1,cluster_2016,239,830,591,1
11D,cluster_2610_amp1,cluster_2610,9506,10106,600,4
11D,cluster_2798_amp1,cluster_2798,1355,1935,580,1
11D,cluster_2905_amp1,cluster_2905,12553,13109,556,2
11F,cluster_584_amp1,cluster_584,6544,7143,599,1
11F,cluster_587_amp1,cluster_587,8071,8649,578,1
11F,cluster_603_amp1,cluster_603,2083,2676,593,1
11F,cluster_1348_amp1,cluster_1348,4085,4684,599,0
11F,cluster_2016_amp1,cluster_2016,248,839,591,1
11F,cluster_2610_amp1,cluster_2610,9511,10111,600,0
11F,cluster_2722_amp1,cluster_2722,2914,3485,571,0
11F,cluster_2798_amp1,cluster_2798,1364,1944,580,1
11F,cluster_2890_amp1,cluster_2890,5058,5643,585,0
11F,cluster_2905_amp1,cluster_2905,12558,13113,555,1
12A,cluster_603_amp1,cluster_603,2083,2676,593,1
12A,cluster_664_amp1,cluster_664,4032,4631,599,0
12A,cluster_671_amp1,cluster_671,7549,8131,582,0
12A,cluster_683_amp1,cluster_683,13529,14128,599,0
12A,cluster_690_amp1,cluster_690,17040,17632,592,0
12A,cluster_701_amp1,cluster_701,4920,5518,598,0
12A,cluster_708_amp1,cluster_708,8435,9025,590,1
12A,cluster_710_amp1,cluster_710,9422,10022,600,0
12A,cluster_722_amp1,cluster_722,15425,16025,600,0
12A,cluster_2016_amp1,cluster_2016,248,839,591,1
12A,cluster_2308_amp1,cluster_2308,14447,15009,562,0
12A,cluster_2316_amp1,cluster_2316,18399,18999,600,0
12A,cluster_2722_amp1,cluster_2722,2914,3485,571,1
12A,cluster_2798_amp1,cluster_2798,1364,1944,580,0
12B,cluster_603_amp1,cluster_603,2074,2667,593,1
12B,cluster_671_amp1,cluster_671,6667,7249,582,1
12B,cluster_683_amp1,cluster_683,12647,13246,599,0
12B,cluster_690_amp1,cluster_690,16158,16750,592,0
12B,cluster_701_amp1,cluster_701,4038,4636,598,0
12B,cluster_708_amp1,cluster_708,7553,8143,590,0
12B,cluster_710_amp1,cluster_710,8540,9140,600,0
12B,cluster_722_amp1,cluster_722,14543,15143,600,0
12B,cluster_2016_amp1,cluster_2016,239,830,591,1
12B,cluster_2308_amp1,cluster_2308,13565,14127,562,0
12B,cluster_2316_amp1,cluster_2316,17517,18117,600,0
12B,cluster_2722_amp1,cluster_2722,2905,3476,571,1
12B,cluster_2798_amp1,cluster_2798,1355,1935,580,0
12F,cluster_603_amp1,cluster_603,2083,2676,593,2
12F,cluster_671_amp1,cluster_671,6676,7258,582,1
12F,cluster_683_amp1,cluster_683,12656,13255,599,0
12F,cluster_690_amp1,cluster_690,16167,16759,592,0
12F,cluster_708_amp1,cluster_708,7562,8152,590,0
12F,cluster_710_amp1,cluster_710,8549,9149,600,0
12F,cluster_722_amp1,cluster_722,14552,15152,600,0
12F,cluster_2016_amp1,cluster_2016,248,839,591,1
12F,cluster_2308_amp1,cluster_2308,13574,14136,562,0
12F,cluster_2316_amp1,cluster_2316,17526,18126,600,0
12F,cluster_2722_amp1,cluster_2722,2914,3485,571,1
12F,cluster_2798_amp1,cluster_2798,1364,1944,580,1
13,cluster_747_amp1,cluster_747,4057,4632,575,0
13,cluster_755_amp1,cluster_755,8067,8653,586,0
13,cluster_2016_amp1,cluster_2016,239,830,591,1
13,cluster_2844_amp1,cluster_2844,2696,3288,592,1
13,cluster_3329_amp1,cluster_3329,13637,14214,577,1
14,cluster_747_amp1,cluster_747,4057,4632,575,1
14,cluster_791_amp1,cluster_791,11548,12127,579,0
14,cluster_810_amp1,cluster_810,9520,10098,578,2
14,cluster_2016_amp1,cluster_2016,239,830,591,0
14,cluster_2844_amp1,cluster_2844,2696,3288,592,1
15A,cluster_603_amp1,cluster_603,2074,2667,593,1
15A,cluster_801_amp1,cluster_801,5049,5629,580,0
15A,cluster_805_amp1,cluster_805,7055,7655,600,0
15A,cluster_810_amp1,cluster_810,9565,10143,578,0
15A,cluster_813_amp1,cluster_813,11061,11646,585,0
15A,cluster_848_amp1,cluster_848,14950,15520,570,1
15A,cluster_1348_amp1,cluster_1348,4076,4675,599,0
15A,cluster_1438_amp1,cluster_1438,13994,14581,587,0
15A,cluster_2016_amp1,cluster_2016,239,830,591,1
15A,cluster_2722_amp1,cluster_2722,2905,3476,571,1
15A,cluster_2798_amp1,cluster_2798,1355,1935,580,1
15B,cluster_747_amp1,cluster_747,4057,4632,575,0
15B,cluster_810_amp1,cluster_810,9519,10097,578,0
15B,cluster_813_amp1,cluster_813,11015,11608,593,0
15B,cluster_832_amp1,cluster_832,5044,5632,588,0
15B,cluster_848_amp1,cluster_848,15055,15625,570,0
15B,cluster_1438_amp1,cluster_1438,14099,14686,587,0
15B,cluster_2016_amp1,cluster_2016,239,830,591,0
15B,cluster_2798_amp1,cluster_2798,1355,1935,580,1
15B,cluster_2844_amp1,cluster_2844,2696,3288,592,1
15C,cluster_747_amp1,cluster_747,4057,4632,575,0
15C,cluster_810_amp1,cluster_810,9519,10097,578,0
15C,cluster_813_amp1,cluster_813,11015,11608,593,0
15C,cluster_832_amp1,cluster_832,5044,5632,588,0
15C,cluster_848_amp1,cluster_848,15057,15627,570,0
15C,cluster_1438_amp1,cluster_1438,14101,14688,587,0
15C,cluster_2016_amp1,cluster_2016,239,830,591,0
15C,cluster_2798_amp1,cluster_2798,1355,1935,580,1
15C,cluster_2844_amp1,cluster_2844,2696,3288,592,1
15F,cluster_299_amp1,cluster_299,17627,18201,574,0
15F,cluster_603_amp1,cluster_603,2083,2676,593,1
15F,cluster_801_amp1,cluster_801,5058,5638,580,0
15F,cluster_805_amp1,cluster_805,7064,7664,600,0
15F,cluster_810_amp1,cluster_810,9574,10152,578,0
15F,cluster_813_amp1,cluster_813,11070,11655,585,1
15F,cluster_848_amp1,cluster_848,15100,15670,570,1
15F,cluster_1297_amp1,cluster_1297,16922,17521,599,2
15F,cluster_1348_amp1,cluster_1348,4085,4684,599,0
15F,cluster_1438_amp1,cluster_1438,14144,14731,587,0
15F,cluster_2016_amp1,cluster_2016,248,839,591,1
15F,cluster_2722_amp1,cluster_2722,2914,3485,571,1
15F,cluster_2798_amp1,cluster_2798,1364,1944,580,0
15F,cluster_3346_amp1,cluster_3346,18673,19273,600,2
16A,cluster_299_amp1,cluster_299,18191,18765,574,0
16A,cluster_747_amp1,cluster_747,4057,4632,575,1
16A,cluster_892_amp1,cluster_892,9536,10136,600,0
16A,cluster_897_amp1,cluster_897,12054,12631,577,0
16A,cluster_906_amp1,cluster_906,16540,17139,599,0
16A,cluster_1229_amp1,cluster_1229,15666,16261,595,0
16A,cluster_1297_amp1,cluster_1297,17486,18085,599,2
16A,cluster_2016_amp1,cluster_2016,239,830,591,1
16A,cluster_2844_amp1,cluster_2844,2696,3288,592,0
16F,cluster_299_amp1,cluster_299,17594,18168,574,0
16F,cluster_747_amp1,cluster_747,4057,4632,575,1
16F,cluster_906_amp1,cluster_906,15943,16542,599,0
16F,cluster_930_amp1,cluster_930,9053,9640,587,0
16F,cluster_1229_amp1,cluster_1229,15069,15664,595,0
16F,cluster_1297_amp1,cluster_1297,16889,17488,599,1
16F,cluster_2016_amp1,cluster_2016,239,830,591,1
16F,cluster_2844_amp1,cluster_2844,2696,3288,592,2
17A,cluster_257_amp1,cluster_257,17794,18385,591,1
17A,cluster_299_amp1,cluster_299,20152,20726,574,0
17A,cluster_603_amp1,cluster_603,2074,2667,593,1
17A,cluster_906_amp1,cluster_906,18501,19100,599,1
17A,cluster_965_amp1,cluster_965,9050,9627,577,0
17A,cluster_1297_amp1,cluster_1297,19447,20046,599,2
17A,cluster_1348_amp1,cluster_1348,4076,4675,599,1
17A,cluster_2722_amp1,cluster_2722,2905,3476,571,0
17A,cluster_2774_amp1,cluster_2774,4985,5571,586,1
17A,cluster_2798_amp1,cluster_2798,1355,1935,580,0
17F,cluster_299_amp1,cluster_299,19021,19595,574,1
17F,cluster_603_amp1,cluster_603,2074,2667,593,1
17F,cluster_906_amp1,cluster_906,17370,17969,599,0
17F,cluster_1001_amp1,cluster_1001,6027,6627,600,0
17F,cluster_1007_amp1,cluster_1007,9028,9628,600,0
17F,cluster_1011_amp1,cluster_1011,11042,11637,595,0
17F,cluster_1018_amp1,cluster_1018,14524,15124,600,0
17F,cluster_1229_amp1,cluster_1229,16496,17091,595,0
17F,cluster_1297_amp1,cluster_1297,18316,18915,599,0
17F,cluster_1348_amp1,cluster_1348,4076,4675,599,0
17F,cluster_1492_amp1,cluster_1492,7533,8132,599,1
17F,cluster_1642_amp1,cluster_1642,5030,5630,600,0
17F,cluster_2016_amp1,cluster_2016,239,830,591,1
17F,cluster_2722_amp1,cluster_2722,2905,3476,571,0
17F,cluster_2798_amp1,cluster_2798,1355,1935,580,1
18A,cluster_299_amp1,cluster_299,18158,18732,574,0
18A,cluster_747_amp1,cluster_747,4057,4632,575,2
18A,cluster_906_amp1,cluster_906,16507,17106,599,0
18A,cluster_1046_amp1,cluster_1046,8075,8652,577,0
18A,cluster_1094_amp1,cluster_1094,13072,13672,600,1
18A,cluster_1127_amp1,cluster_1127,10388,10965,577,1
18A,cluster_1229_amp1,cluster_1229,15633,16228,595,2
18A,cluster_1297_amp1,cluster_1297,17453,18052,599,2
18A,cluster_1642_amp1,cluster_1642,5025,5625,600,0
18A,cluster_2016_amp1,cluster_2016,239,830,591,2
18A,cluster_2844_amp1,cluster_2844,2696,3288,592,2
18B,cluster_299_amp1,cluster_299,18262,18836,574,0
18B,cluster_747_amp1,cluster_747,4057,4632,575,1
18B,cluster_906_amp1,cluster_906,16611,17210,599,1
18B,cluster_1046_amp1,cluster_1046,8075,8652,577,1
18B,cluster_1094_amp1,cluster_1094,14047,14647,600,0
18B,cluster_1127_amp1,cluster_1127,10388,10959,571,0
18B,cluster_1229_amp1,cluster_1229,15737,16332,595,3
18B,cluster_1297_amp1,cluster_1297,17557,18156,599,2
18B,cluster_2016_amp1,cluster_2016,239,830,591,1
18B,cluster_2844_amp1,cluster_2844,2696,3288,592,2
18C,cluster_299_amp1,cluster_299,18262,18836,574,0
18C,cluster_747_amp1,cluster_747,4057,4632,575,1
18C,cluster_906_amp1,cluster_906,16611,17210,599,1
18C,cluster_1046_amp1,cluster_1046,8075,8652,577,1
18C,cluster_1094_amp1,cluster_1094,14047,14647,600,0
18C,cluster_1127_amp1,cluster_1127,10388,10959,571,0
18C,cluster_1229_amp1,cluster_1229,15737,16332,595,3
18C,cluster_1297_amp1,cluster_1297,17557,18156,599,2
18C,cluster_2016_amp1,cluster_2016,239,830,591,1
18C,cluster_2844_amp1,cluster_2844,2696,3288,592,2
18F,cluster_299_amp1,cluster_299,18953,19527,574,0
18F,cluster_603_amp1,cluster_603,2074,2667,593,0
18F,cluster_747_amp1,cluster_747,4057,4632,575,1
18F,cluster_906_amp1,cluster_906,17302,17901,599,0
18F,cluster_1046_amp1,cluster_1046,8759,9336,577,2
18F,cluster_1094_amp1,cluster_1094,14731,15331,600,1
18F,cluster_1121_amp1,cluster_1121,8031,8629,598,0
18F,cluster_1127_amp1,cluster_1127,11072,11643,571,0
18F,cluster_1229_amp1,cluster_1229,16428,17023,595,0
18F,cluster_1297_amp1,cluster_1297,18248,18847,599,2
18F,cluster_1642_amp1,cluster_1642,5025,5625,600,1
18F,cluster_2016_amp1,cluster_2016,239,830,591,1
18F,cluster_2798_amp1,cluster_2798,1355,1935,580,1
18F,cluster_3346_amp1,cluster_3346,19984,20584,600,3
19A,cluster_257_amp1,cluster_257,11766,12357,591,2
19A,cluster_299_amp1,cluster_299,14123,14697,574,0
19A,cluster_603_amp1,cluster_603,2074,2667,593,0
19A,cluster_1156_amp1,cluster_1156,5066,5640,574,0
19A,cluster_1166_amp1,cluster_1166,10055,10636,581,0
19A,cluster_1171_amp1,cluster_1171,12549,13128,579,0
19A,cluster_1297_amp1,cluster_1297,13418,14017,599,0
19A,cluster_1348_amp1,cluster_1348,4076,4669,593,2
19A,cluster_1419_amp1,cluster_1419,3033,3633,600,2
19A,cluster_2016_amp1,cluster_2016,239,830,591,2
19A,cluster_2576_amp1,cluster_2576,6062,6623,561,0
19A,cluster_2579_amp1,cluster_2579,7533,8124,591,0
19A,cluster_2582_amp1,cluster_2582,9050,9626,576,2
19A,cluster_2798_amp1,cluster_2798,1355,1935,580,2
19B,cluster_299_amp1,cluster_299,18037,18611,574,0
19B,cluster_747_amp1,cluster_747,4057,4632,575,0
19B,cluster_906_amp1,cluster_906,16386,16985,599,1
19B,cluster_1188_amp1,cluster_1188,7030,7626,596,0
19B,cluster_1191_amp1,cluster_1191,8565,9165,600,0
19B,cluster_1222_amp1,cluster_1222,14053,14643,590,3
19B,cluster_1229_amp1,cluster_1229,15512,16107,595,3
19B,cluster_1248_amp1,cluster_1248,5545,6140,595,1
19B,cluster_1297_amp1,cluster_1297,17332,17931,599,0
19B,cluster_2016_amp1,cluster_2016,239,830,591,1
19B,cluster_2798_amp1,cluster_2798,1355,1935,580,0
19B,cluster_2844_amp1,cluster_2844,2696,3288,592,1
19C,cluster_299_amp1,cluster_299,20092,20666,574,0
19C,cluster_747_amp1,cluster_747,4057,4632,575,0
19C,cluster_906_amp1,cluster_906,18441,19040,599,0
19C,cluster_1188_amp1,cluster_1188,7030,7626,596,0
19C,cluster_1191_amp1,cluster_1191,8565,9165,600,0
19C,cluster_1222_amp1,cluster_1222,14053,14643,590,0
19C,cluster_1225_amp1,cluster_1225,15567,16139,572,0
19C,cluster_1229_amp1,cluster_1229,17567,18162,595,0
19C,cluster_1248_amp1,cluster_1248,5545,6140,595,1
19C,cluster_1297_amp1,cluster_1297,19387,19986,599,0
19C,cluster_2016_amp1,cluster_2016,239,830,591,2
19C,cluster_2798_amp1,cluster_2798,1355,1935,580,0
19C,cluster_2844_amp1,cluster_2844,2696,3288,592,1
19F,cluster_299_amp1,cluster_299,13994,14568,574,0
19F,cluster_906_amp1,cluster_906,12343,12942,599,1
19F,cluster_1229_amp1,cluster_1229,11469,12064,595,0
19F,cluster_1248_amp1,cluster_1248,5546,6141,595,0
19F,cluster_1255_amp1,cluster_1255,9039,9625,586,0
19F,cluster_1297_amp1,cluster_1297,13289,13888,599,2
19F,cluster_2016_amp1,cluster_2016,239,830,591,1
19F,cluster_2844_amp1,cluster_2844,2696,3288,592,1
19F,cluster_3119_amp1,cluster_3119,10059,10631,572,0
21,cluster_43_amp1,cluster_43,5052,5646,594,0
21,cluster_299_amp1,cluster_299,16755,17329,574,1
21,cluster_603_amp1,cluster_603,2083,2676,593,1
21,cluster_1171_amp1,cluster_1171,15180,15760,580,0
21,cluster_1277_amp1,cluster_1277,6053,6647,594,0
21,cluster_1281_amp1,cluster_1281,8067,8645,578,0
21,cluster_1297_amp1,cluster_1297,16050,16649,599,0
21,cluster_1348_amp1,cluster_1348,4086,4685,599,1
21,cluster_2016_amp1,cluster_2016,248,839,591,2
21,cluster_2722_amp1,cluster_2722,2914,3485,571,1
21,cluster_2798_amp1,cluster_2798,1364,1944,580,2
22A,cluster_299_amp1,cluster_299,18719,19293,574,0
22A,cluster_603_amp1,cluster_603,2074,2667,593,1
22A,cluster_906_amp1,cluster_906,17068,17667,599,0
22A,cluster_1229_amp1,cluster_1229,16194,16789,595,0
22A,cluster_1297_amp1,cluster_1297,18014,18613,599,2
22A,cluster_1316_amp1,cluster_1316,6529,7129,600,0
22A,cluster_1348_amp1,cluster_1348,4077,4676,599,0
22A,cluster_2016_amp1,cluster_2016,239,830,591,1
22A,cluster_2722_amp1,cluster_2722,2905,3476,571,1
22A,cluster_2798_amp1,cluster_2798,1355,1935,580,1
22A,cluster_3346_amp1,cluster_3346,15133,15733,600,1
22F,cluster_43_amp1,cluster_43,6528,7122,594,0
22F,cluster_299_amp1,cluster_299,18376,18950,574,0
22F,cluster_603_amp1,cluster_603,3560,4153,593,1
22F,cluster_906_amp1,cluster_906,16725,17324,599,0
22F,cluster_1229_amp1,cluster_1229,15851,16446,595,0
22F,cluster_1297_amp1,cluster_1297,17671,18270,599,2
22F,cluster_1348_amp1,cluster_1348,5563,6162,599,0
22F,cluster_1352_amp1,cluster_1352,7567,8142,575,0
22F,cluster_2016_amp1,cluster_2016,1725,2316,591,1
22F,cluster_2722_amp1,cluster_2722,4391,4962,571,1
22F,cluster_2798_amp1,cluster_2798,2841,3421,580,1
22F,cluster_2872_amp1,cluster_2872,850,1392,542,0
22F,cluster_3346_amp1,cluster_3346,14790,15390,600,1
23A,cluster_299_amp1,cluster_299,17942,18516,574,0
23A,cluster_747_amp1,cluster_747,4057,4632,575,2
23A,cluster_848_amp1,cluster_848,13644,14214,570,0
23A,cluster_906_amp1,cluster_906,16291,16890,599,1
23A,cluster_1229_amp1,cluster_1229,15417,16012,595,2
23A,cluster_1297_amp1,cluster_1297,17237,17836,599,2
23A,cluster_1436_amp1,cluster_1436,11658,12251,593,0
23A,cluster_1438_amp1,cluster_1438,12688,13275,587,0
23A,cluster_1642_amp1,cluster_1642,5025,5625,600,0
23A,cluster_2016_amp1,cluster_2016,239,830,591,1
23A,cluster_2844_amp1,cluster_2844,2696,3288,592,2
23B,cluster_299_amp1,cluster_299,17825,18399,574,0
23B,cluster_603_amp1,cluster_603,2083,2676,593,0
23B,cluster_848_amp1,cluster_848,13527,14097,570,0
23B,cluster_906_amp1,cluster_906,16174,16773,599,0
23B,cluster_1229_amp1,cluster_1229,15300,15895,595,2
23B,cluster_1297_amp1,cluster_1297,17120,17719,599,2
23B,cluster_1348_amp1,cluster_1348,4085,4678,593,2
23B,cluster_1419_amp1,cluster_1419,3042,3642,600,0
23B,cluster_1433_amp1,cluster_1433,10033,10627,594,0
23B,cluster_1436_amp1,cluster_1436,11541,12134,593,0
23B,cluster_1438_amp1,cluster_1438,12571,13158,587,0
23B,cluster_2016_amp1,cluster_2016,248,839,591,2
23B,cluster_2711_amp1,cluster_2711,18762,19357,595,0
23B,cluster_2798_amp1,cluster_2798,1364,1944,580,2
23F,cluster_299_amp1,cluster_299,17828,18402,574,0
23F,cluster_603_amp1,cluster_603,2074,2667,593,1
23F,cluster_848_amp1,cluster_848,13530,14100,570,0
23F,cluster_906_amp1,cluster_906,16177,16776,599,1
23F,cluster_1229_amp1,cluster_1229,15303,15898,595,2
23F,cluster_1297_amp1,cluster_1297,17123,17722,599,2
23F,cluster_1348_amp1,cluster_1348,4076,4675,599,0
23F,cluster_1436_amp1,cluster_1436,11544,12137,593,0
23F,cluster_1438_amp1,cluster_1438,12574,13161,587,0
23F,cluster_1642_amp1,cluster_1642,5030,5630,600,0
23F,cluster_2016_amp1,cluster_2016,239,830,591,0
23F,cluster_2722_amp1,cluster_2722,2905,3476,571,0
23F,cluster_2798_amp1,cluster_2798,1355,1935,580,0
24A,cluster_299_amp1,cluster_299,17632,18206,574,0
24A,cluster_747_amp1,cluster_747,4066,4641,575,1
24A,cluster_906_amp1,cluster_906,15981,16580,599,1
24A,cluster_1001_amp1,cluster_1001,6031,6631,600,0
24A,cluster_1229_amp1,cluster_1229,15107,15702,595,0
24A,cluster_1297_amp1,cluster_1297,16927,17526,599,2
24A,cluster_1492_amp1,cluster_1492,7537,8136,599,0
24A,cluster_1642_amp1,cluster_1642,5034,5634,600,0
24A,cluster_2016_amp1,cluster_2016,248,839,591,1
24A,cluster_2817_amp1,cluster_2817,10857,11452,595,0
24A,cluster_2844_amp1,cluster_2844,2705,3297,592,2
24A,cluster_3048_amp1,cluster_3048,11579,12169,590,0
24B,cluster_288_amp1,cluster_288,14445,15045,600,1
24B,cluster_299_amp1,cluster_299,19964,20538,574,0
24B,cluster_328_amp1,cluster_328,15922,16520,598,2
24B,cluster_747_amp1,cluster_747,4066,4641,575,1
24B,cluster_906_amp1,cluster_906,18313,18912,599,1
24B,cluster_1001_amp1,cluster_1001,6031,6631,600,2
24B,cluster_1229_amp1,cluster_1229,17439,18034,595,2
24B,cluster_1297_amp1,cluster_1297,19259,19858,599,2
24B,cluster_1492_amp1,cluster_1492,7536,8135,599,0
24B,cluster_1538_amp1,cluster_1538,13075,13625,550,0
24B,cluster_1642_amp1,cluster_1642,5034,5634,600,0
24B,cluster_2016_amp1,cluster_2016,248,839,591,2
24B,cluster_2798_amp1,cluster_2798,1364,1944,580,0
24B,cluster_2817_amp1,cluster_2817,10857,11452,595,0
24B,cluster_2844_amp1,cluster_2844,2705,3297,592,2
24B,cluster_3048_amp1,cluster_3048,11579,12169,590,0
24F,cluster_288_amp1,cluster_288,14446,15046,600,0
24F,cluster_299_amp1,cluster_299,19966,20540,574,0
24F,cluster_328_amp1,cluster_328,15923,16521,598,2
24F,cluster_747_amp1,cluster_747,4066,4641,575,1
24F,cluster_906_amp1,cluster_906,18315,18914,599,1
24F,cluster_1001_amp1,cluster_1001,6031,6631,600,2
24F,cluster_1229_amp1,cluster_1229,17441,18036,595,1
24F,cluster_1297_amp1,cluster_1297,19261,19860,599,0
24F,cluster_1492_amp1,cluster_1492,7537,8136,599,0
24F,cluster_1538_amp1,cluster_1538,13076,13626,550,0
24F,cluster_1642_amp1,cluster_1642,5034,5634,600,0
24F,cluster_2016_amp1,cluster_2016,248,839,591,1
24F,cluster_2798_amp1,cluster_2798,1364,1944,580,0
24F,cluster_2817_amp1,cluster_2817,10858,11453,595,0
24F,cluster_2844_amp1,cluster_2844,2705,3297,592,2
24F,cluster_3048_amp1,cluster_3048,11580,12170,590,0
25A,cluster_476_amp1,cluster_476,2965,3517,552,3
25A,cluster_1568_amp1,cluster_1568,1065,1653,588,0
25A,cluster_1579_amp1,cluster_1579,6547,7143,596,0
25A,cluster_1583_amp1,cluster_1583,8575,9168,593,0
25A,cluster_1598_amp1,cluster_1598,16058,16644,586,0
25A,cluster_2058_amp1,cluster_2058,5401,5977,576,0
25A,cluster_2067_amp1,cluster_2067,9895,10495,600,2
25A,cluster_3346_amp1,cluster_3346,158,758,600,1
25F,cluster_476_amp1,cluster_476,2965,3517,552,3
25F,cluster_1568_amp1,cluster_1568,1065,1653,588,0
25F,cluster_1579_amp1,cluster_1579,6547,7143,596,0
25F,cluster_1583_amp1,cluster_1583,8575,9168,593,0
25F,cluster_1598_amp1,cluster_1598,16058,16644,586,0
25F,cluster_2058_amp1,cluster_2058,5401,5977,576,0
25F,cluster_2067_amp1,cluster_2067,9895,10495,600,2
25F,cluster_3346_amp1,cluster_3346,158,758,600,1
27,cluster_43_amp1,cluster_43,5050,5644,594,2
27,cluster_299_amp1,cluster_299,16605,17179,574,0
27,cluster_603_amp1,cluster_603,2083,2676,593,1
27,cluster_906_amp1,cluster_906,14954,15553,599,0
27,cluster_1229_amp1,cluster_1229,14080,14675,595,2
27,cluster_1297_amp1,cluster_1297,15900,16499,599,1
27,cluster_1348_amp1,cluster_1348,4085,4684,599,0
27,cluster_1614_amp1,cluster_1614,7570,8163,593,0
27,cluster_1624_amp1,cluster_1624,12575,13168,593,0
27,cluster_2016_amp1,cluster_2016,248,839,591,1
27,cluster_2722_amp1,cluster_2722,2914,3485,571,2
27,cluster_2798_amp1,cluster_2798,1364,1944,580,1
28A,cluster_299_amp1,cluster_299,19122,19696,574,0
28A,cluster_603_amp1,cluster_603,2083,2676,593,1
28A,cluster_848_amp1,cluster_848,14824,15394,570,0
28A,cluster_906_amp1,cluster_906,17471,18070,599,0
28A,cluster_1229_amp1,cluster_1229,16597,17192,595,2
28A,cluster_1297_amp1,cluster_1297,18417,19016,599,0
28A,cluster_1348_amp1,cluster_1348,4085,4684,599,0
28A,cluster_1438_amp1,cluster_1438,13868,14455,587,0
28A,cluster_1642_amp1,cluster_1642,5039,5639,600,0
28A,cluster_1653_amp1,cluster_1653,10548,11125,577,0
28A,cluster_2016_amp1,cluster_2016,248,839,591,1
28A,cluster_2722_amp1,cluster_2722,2914,3485,571,1
28A,cluster_2798_amp1,cluster_2798,1364,1944,580,0
28F,cluster_299_amp1,cluster_299,19137,19711,574,0
28F,cluster_603_amp1,cluster_603,2083,2676,593,1
28F,cluster_848_amp1,cluster_848,14824,15394,570,1
28F,cluster_906_amp1,cluster_906,17471,18085,614,0
28F,cluster_1229_amp1,cluster_1229,16597,17192,595,2
28F,cluster_1297_amp1,cluster_1297,18432,19031,599,1
28F,cluster_1348_amp1,cluster_1348,4085,4684,599,0
28F,cluster_1438_amp1,cluster_1438,13868,14455,587,0
28F,cluster_1642_amp1,cluster_1642,5039,5639,600,0
28F,cluster_1653_amp1,cluster_1653,10548,11125,577,0
28F,cluster_2016_amp1,cluster_2016,248,839,591,1
28F,cluster_2722_amp1,cluster_2722,2914,3485,571,1
28F,cluster_2798_amp1,cluster_2798,1364,1944,580,0
29,cluster_1684_amp1,cluster_1684,1549,2134,585,0
29,cluster_1689_amp1,cluster_1689,4056,4631,575,0
29,cluster_1691_amp1,cluster_1691,5057,5625,568,0
29,cluster_2016_amp1,cluster_2016,239,830,591,1
31,cluster_257_amp1,cluster_257,14672,15263,591,1
31,cluster_299_amp1,cluster_299,17030,17604,574,0
31,cluster_487_amp1,cluster_487,4541,5139,598,2
31,cluster_603_amp1,cluster_603,2074,2667,593,2
31,cluster_906_amp1,cluster_906,15379,15978,599,0
31,cluster_1297_amp1,cluster_1297,16325,16924,599,2
31,cluster_1721_amp1,cluster_1721,8570,9162,592,0
31,cluster_1724_amp1,cluster_1724,10075,10675,600,0
31,cluster_2016_amp1,cluster_2016,239,830,591,1
31,cluster_2159_amp1,cluster_2159,5553,6141,588,1
31,cluster_2173_amp1,cluster_2173,11753,12314,561,0
31,cluster_2722_amp1,cluster_2722,2905,3476,571,2
31,cluster_2798_amp1,cluster_2798,1355,1935,580,0
31,cluster_3294_amp1,cluster_3294,18841,19404,563,0
31,cluster_3346_amp1,cluster_3346,13443,14043,600,2
32A,cluster_43_amp1,cluster_43,5050,5644,594,0
32A,cluster_603_amp1,cluster_603,2083,2676,593,1
32A,cluster_906_amp1,cluster_906,15496,16095,599,1
32A,cluster_1229_amp1,cluster_1229,14622,15217,595,1
32A,cluster_1348_amp1,cluster_1348,4085,4684,599,0
32A,cluster_1624_amp1,cluster_1624,13110,13708,598,3
32A,cluster_1766_amp1,cluster_1766,11575,12133,558,0
32A,cluster_2016_amp1,cluster_2016,248,839,591,1
32A,cluster_2722_amp1,cluster_2722,2914,3485,571,1
32A,cluster_2798_amp1,cluster_2798,1364,1944,580,0
32F,cluster_43_amp1,cluster_43,5050,5644,594,0
32F,cluster_299_amp1,cluster_299,17142,17716,574,0
32F,cluster_603_amp1,cluster_603,2083,2676,593,1
32F,cluster_906_amp1,cluster_906,15491,16090,599,1
32F,cluster_1229_amp1,cluster_1229,14617,15212,595,1
32F,cluster_1297_amp1,cluster_1297,16437,17036,599,2
32F,cluster_1348_amp1,cluster_1348,4085,4684,599,0
32F,cluster_1624_amp1,cluster_1624,13110,13703,593,3
32F,cluster_1766_amp1,cluster_1766,11575,12133,558,0
32F,cluster_2016_amp1,cluster_2016,248,839,591,1
32F,cluster_2722_amp1,cluster_2722,2914,3485,571,1
32F,cluster_2798_amp1,cluster_2798,1364,1944,580,0
33A,cluster_603_amp1,cluster_603,2074,2667,593,1
33A,cluster_1348_amp1,cluster_1348,4076,4675,599,0
33A,cluster_1792_amp1,cluster_1792,7557,8129,572,0
33A,cluster_1800_amp1,cluster_1800,11549,12126,577,0
33A,cluster_2016_amp1,cluster_2016,239,830,591,1
33A,cluster_2722_amp1,cluster_2722,2905,3476,571,0
33A,cluster_2774_amp1,cluster_2774,4985,5571,586,2
33A,cluster_2798_amp1,cluster_2798,1355,1935,580,1
33A,cluster_2927_amp1,cluster_2927,8984,9573,589,0
33A,cluster_3329_amp1,cluster_3329,12361,12938,577,1
33B,cluster_603_amp1,cluster_603,2074,2667,593,1
33B,cluster_1348_amp1,cluster_1348,4076,4675,599,0
33B,cluster_1820_amp1,cluster_1820,6541,7125,584,0
33B,cluster_1829_amp1,cluster_1829,11055,11640,585,0
33B,cluster_1854_amp1,cluster_1854,12546,13146,600,2
33B,cluster_2016_amp1,cluster_2016,239,830,591,1
33B,cluster_2722_amp1,cluster_2722,2905,3476,571,0
33B,cluster_2798_amp1,cluster_2798,1355,1935,580,0
33B,cluster_3329_amp1,cluster_3329,13515,14092,577,0
33C,cluster_603_amp1,cluster_603,2074,2667,593,1
33C,cluster_1843_amp1,cluster_1843,5544,6144,600,0
33C,cluster_1854_amp1,cluster_1854,11028,11628,600,0
33C,cluster_2016_amp1,cluster_2016,239,830,591,1
33C,cluster_2722_amp1,cluster_2722,2905,3476,571,1
33C,cluster_2798_amp1,cluster_2798,1355,1935,580,1
33D,cluster_603_amp1,cluster_603,2074,2667,593,1
33D,cluster_1348_amp1,cluster_1348,4076,4675,599,0
33D,cluster_1820_amp1,cluster_1820,6509,7093,584,0
33D,cluster_1829_amp1,cluster_1829,11023,11608,585,0
33D,cluster_2016_amp1,cluster_2016,239,830,591,0
33D,cluster_2722_amp1,cluster_2722,2905,3476,571,0
33D,cluster_2798_amp1,cluster_2798,1355,1935,580,0
33D,cluster_3329_amp1,cluster_3329,13483,14060,577,0
33F,cluster_603_amp1,cluster_603,2074,2667,593,1
33F,cluster_1348_amp1,cluster_1348,4076,4675,599,0
33F,cluster_1792_amp1,cluster_1792,7557,8129,572,0
33F,cluster_1800_amp1,cluster_1800,11549,12126,577,0
33F,cluster_2016_amp1,cluster_2016,239,830,591,1
33F,cluster_2722_amp1,cluster_2722,2905,3476,571,0
33F,cluster_2774_amp1,cluster_2774,4985,5571,586,2
33F,cluster_2798_amp1,cluster_2798,1355,1935,580,1
33F,cluster_2927_amp1,cluster_2927,8984,9573,589,0
33F,cluster_3329_amp1,cluster_3329,12361,12938,577,1
34,cluster_603_amp1,cluster_603,2074,2667,593,1
34,cluster_1348_amp1,cluster_1348,4076,4675,599,0
34,cluster_1854_amp1,cluster_1854,10694,11294,600,3
34,cluster_1912_amp1,cluster_1912,7572,8141,569,0
34,cluster_2004_amp1,cluster_2004,8978,9575,597,0
34,cluster_2016_amp1,cluster_2016,239,830,591,2
34,cluster_2722_amp1,cluster_2722,2905,3476,571,0
34,cluster_2774_amp1,cluster_2774,4985,5571,586,0
34,cluster_2798_amp1,cluster_2798,1355,1935,580,0
35A,cluster_603_amp1,cluster_603,2074,2667,593,1
35A,cluster_1348_amp1,cluster_1348,4076,4675,599,0
35A,cluster_1939_amp1,cluster_1939,11038,11630,592,0
35A,cluster_1981_amp1,cluster_1981,10027,10622,595,0
35A,cluster_2016_amp1,cluster_2016,239,830,591,1
35A,cluster_2722_amp1,cluster_2722,2905,3476,571,0
35A,cluster_2774_amp1,cluster_2774,4985,5571,586,0
35A,cluster_2798_amp1,cluster_2798,1355,1935,580,1
35A,cluster_3294_amp1,cluster_3294,16450,17013,563,0
35A,cluster_3329_amp1,cluster_3329,14451,15028,577,1
35A,cluster_3346_amp1,cluster_3346,15685,16285,600,2
35B,cluster_476_amp1,cluster_476,10440,10992,552,2
35B,cluster_603_amp1,cluster_603,2083,2676,593,1
35B,cluster_1348_amp1,cluster_1348,4085,4684,599,0
35B,cluster_1956_amp1,cluster_1956,6550,7147,597,0
35B,cluster_1959_amp1,cluster_1959,8074,8663,589,0
35B,cluster_2016_amp1,cluster_2016,248,839,591,1
35B,cluster_2722_amp1,cluster_2722,2914,3485,571,0
35B,cluster_2774_amp1,cluster_2774,4994,5580,586,0
35B,cluster_2798_amp1,cluster_2798,1364,1944,580,1
35C,cluster_603_amp1,cluster_603,2083,2676,593,1
35C,cluster_1348_amp1,cluster_1348,4085,4684,599,0
35C,cluster_1939_amp1,cluster_1939,11035,11627,592,1
35C,cluster_1981_amp1,cluster_1981,10031,10627,596,0
35C,cluster_2016_amp1,cluster_2016,248,839,591,1
35C,cluster_2722_amp1,cluster_2722,2914,3485,571,0
35C,cluster_2774_amp1,cluster_2774,4994,5580,586,0
35C,cluster_2798_amp1,cluster_2798,1364,1944,580,1
35C,cluster_3294_amp1,cluster_3294,16447,17010,563,1
35C,cluster_3329_amp1,cluster_3329,14448,15025,577,1
35F,cluster_1912_amp1,cluster_1912,6654,7224,570,1
35F,cluster_2004_amp1,cluster_2004,8061,8658,597,0
35F,cluster_2016_amp1,cluster_2016,248,839,591,1
35F,cluster_2449_amp1,cluster_2449,9033,9618,585,0
35F,cluster_2798_amp1,cluster_2798,1364,1944,580,0
35F,cluster_2844_amp1,cluster_2844,2705,3297,592,0
36A,cluster_2013_amp1,cluster_2013,563,1160,597,0
36A,cluster_2016_amp1,cluster_2016,2073,2664,591,0
36A,cluster_2711_amp1,cluster_2711,17781,18376,595,1
36A,cluster_2844_amp1,cluster_2844,4530,5122,592,1
36A,cluster_2965_amp1,cluster_2965,9721,10287,566,1
36A,cluster_3346_amp1,cluster_3346,14511,15111,600,1
37,cluster_2049_amp1,cluster_2049,66,650,584,0
38,cluster_476_amp1,cluster_476,1131,1685,554,3
38,cluster_1579_amp1,cluster_1579,4715,5311,596,0
38,cluster_1583_amp1,cluster_1583,6743,7336,593,0
38,cluster_2058_amp1,cluster_2058,3569,4145,576,0
38,cluster_2067_amp1,cluster_2067,8063,8663,600,0
39,cluster_1684_amp1,cluster_1684,1549,2134,585,0
39,cluster_2016_amp1,cluster_2016,239,830,591,1
39,cluster_2086_amp1,cluster_2086,3570,4152,582,0
39,cluster_2667_amp1,cluster_2667,8273,8842,569,3
40,cluster_288_amp1,cluster_288,12046,12646,600,0
40,cluster_299_amp1,cluster_299,17567,18141,574,0
40,cluster_313_amp1,cluster_313,5556,6131,575,2
40,cluster_315_amp1,cluster_315,6554,7146,592,2
40,cluster_328_amp1,cluster_328,13523,14121,598,0
40,cluster_747_amp1,cluster_747,4066,4641,575,2
40,cluster_906_amp1,cluster_906,15916,16515,599,1
40,cluster_1229_amp1,cluster_1229,15042,15637,595,2
40,cluster_1297_amp1,cluster_1297,16862,17461,599,0
40,cluster_2016_amp1,cluster_2016,248,839,591,2
40,cluster_2124_amp1,cluster_2124,7558,8144,586,0
40,cluster_2844_amp1,cluster_2844,2705,3297,592,2
41A,cluster_257_amp1,cluster_257,15992,16583,591,1
41A,cluster_299_amp1,cluster_299,18350,18924,574,0
41A,cluster_603_amp1,cluster_603,2074,2667,593,1
41A,cluster_906_amp1,cluster_906,16699,17298,599,0
41A,cluster_1297_amp1,cluster_1297,17645,18244,599,1
41A,cluster_1348_amp1,cluster_1348,4076,4675,599,0
41A,cluster_1724_amp1,cluster_1724,11400,12000,600,0
41A,cluster_2016_amp1,cluster_2016,239,830,591,1
41A,cluster_2159_amp1,cluster_2159,6040,6628,588,0
41A,cluster_2161_amp1,cluster_2161,7057,7639,582,0
41A,cluster_2173_amp1,cluster_2173,13073,13634,561,0
41A,cluster_2722_amp1,cluster_2722,2905,3476,571,1
41A,cluster_2798_amp1,cluster_2798,1355,1935,580,0
41A,cluster_3346_amp1,cluster_3346,14763,15363,600,2
41F,cluster_257_amp1,cluster_257,16006,16597,591,1
41F,cluster_299_amp1,cluster_299,18364,18938,574,1
41F,cluster_603_amp1,cluster_603,2083,2676,593,1
41F,cluster_906_amp1,cluster_906,16713,17312,599,0
41F,cluster_1297_amp1,cluster_1297,17659,18258,599,2
41F,cluster_1348_amp1,cluster_1348,4085,4684,599,1
41F,cluster_2016_amp1,cluster_2016,248,839,591,1
41F,cluster_2159_amp1,cluster_2159,6049,6637,588,1
41F,cluster_2161_amp1,cluster_2161,7066,7648,582,0
41F,cluster_2173_amp1,cluster_2173,13087,13648,561,2
41F,cluster_2722_amp1,cluster_2722,2914,3485,571,1
41F,cluster_2774_amp1,cluster_2774,4994,5580,586,1
41F,cluster_2798_amp1,cluster_2798,1364,1944,580,0
41F,cluster_3346_amp1,cluster_3346,14777,15377,600,1
42,cluster_603_amp1,cluster_603,2083,2676,593,1
42,cluster_1348_amp1,cluster_1348,4085,4684,599,0
42,cluster_1939_amp1,cluster_1939,11035,11627,592,1
42,cluster_1981_amp1,cluster_1981,10031,10627,596,0
42,cluster_2016_amp1,cluster_2016,248,839,591,1
42,cluster_2722_amp1,cluster_2722,2914,3485,571,0
42,cluster_2774_amp1,cluster_2774,4994,5580,586,0
42,cluster_2798_amp1,cluster_2798,1364,1944,580,0
42,cluster_3294_amp1,cluster_3294,16447,17010,563,1
42,cluster_3329_amp1,cluster_3329,14448,15025,577,1
43,cluster_1684_amp1,cluster_1684,1549,2134,585,1
43,cluster_2016_amp1,cluster_2016,239,830,591,2
43,cluster_2086_amp1,cluster_2086,3570,4152,582,1
43,cluster_2260_amp1,cluster_2260,6563,7138,575,0
43,cluster_3346_amp1,cluster_3346,15804,16404,600,1
44,cluster_603_amp1,cluster_603,2083,2676,593,2
44,cluster_671_amp1,cluster_671,6676,7258,582,1
44,cluster_683_amp1,cluster_683,12656,13255,599,0
44,cluster_690_amp1,cluster_690,16165,16757,592,1
44,cluster_708_amp1,cluster_708,7562,8152,590,0
44,cluster_710_amp1,cluster_710,8549,9149,600,0
44,cluster_722_amp1,cluster_722,14552,15152,600,0
44,cluster_2016_amp1,cluster_2016,248,839,591,1
44,cluster_2308_amp1,cluster_2308,13574,14136,562,0
44,cluster_2316_amp1,cluster_2316,17524,18124,600,0
44,cluster_2722_amp1,cluster_2722,2914,3485,571,1
44,cluster_2798_amp1,cluster_2798,1364,1944,580,1
45,cluster_83_amp1,cluster_83,4057,4651,594,0
45,cluster_299_amp1,cluster_299,23262,23836,574,0
45,cluster_476_amp1,cluster_476,19612,20165,553,3
45,cluster_690_amp1,cluster_690,14653,15245,592,1
45,cluster_906_amp1,cluster_906,21611,22210,599,1
45,cluster_1229_amp1,cluster_1229,20737,21332,595,1
45,cluster_1297_amp1,cluster_1297,22557,23156,599,2
45,cluster_2016_amp1,cluster_2016,248,839,591,1
45,cluster_2316_amp1,cluster_2316,16012,16612,600,0
45,cluster_2343_amp1,cluster_2343,12542,13142,600,0
45,cluster_2345_amp1,cluster_2345,13533,14133,600,0
45,cluster_2353_amp1,cluster_2353,17549,18149,600,0
45,cluster_2798_amp1,cluster_2798,1364,1944,580,1
45,cluster_2844_amp1,cluster_2844,2705,3297,592,2
46,cluster_603_amp1,cluster_603,2083,2676,593,1
46,cluster_664_amp1,cluster_664,4032,4631,599,0
46,cluster_671_amp1,cluster_671,7549,8131,582,0
46,cluster_683_amp1,cluster_683,13529,14128,599,0
46,cluster_690_amp1,cluster_690,17040,17632,592,0
46,cluster_701_amp1,cluster_701,4920,5518,598,0
46,cluster_708_amp1,cluster_708,8435,9025,590,1
46,cluster_710_amp1,cluster_710,9422,10022,600,0
46,cluster_722_amp1,cluster_722,15425,16025,600,0
46,cluster_2016_amp1,cluster_2016,248,839,591,1
46,cluster_2308_amp1,cluster_2308,14447,15009,562,0
46,cluster_2316_amp1,cluster_2316,18399,18999,600,0
46,cluster_2722_amp1,cluster_2722,2914,3485,571,1
46,cluster_2798_amp1,cluster_2798,1364,1944,580,0
47A,cluster_487_amp1,cluster_487,4552,5150,598,1
47A,cluster_603_amp1,cluster_603,2074,2667,593,1
47A,cluster_2016_amp1,cluster_2016,239,830,591,1
47A,cluster_2427_amp1,cluster_2427,12074,12635,561,0
47A,cluster_2722_amp1,cluster_2722,2905,3476,571,2
47A,cluster_2798_amp1,cluster_2798,1355,1935,580,1
47A,cluster_3346_amp1,cluster_3346,13185,13785,600,1
47F,cluster_2004_amp1,cluster_2004,8077,8674,597,0
47F,cluster_2016_amp1,cluster_2016,239,830,591,1
47F,cluster_2444_amp1,cluster_2444,6067,6643,576,0
47F,cluster_2445_amp1,cluster_2445,7039,7629,590,0
47F,cluster_2449_amp1,cluster_2449,9049,9634,585,0
47F,cluster_2798_amp1,cluster_2798,1355,1935,580,0
47F,cluster_2844_amp1,cluster_2844,2696,3288,592,0
47F,cluster_3294_amp1,cluster_3294,12761,13324,563,0
48,cluster_299_amp1,cluster_299,16575,17149,574,0
48,cluster_747_amp1,cluster_747,4057,4632,575,2
48,cluster_906_amp1,cluster_906,14924,15523,599,1
48,cluster_1001_amp1,cluster_1001,6022,6622,600,0
48,cluster_1229_amp1,cluster_1229,14050,14645,595,2
48,cluster_1297_amp1,cluster_1297,15870,16469,599,2
48,cluster_1492_amp1,cluster_1492,7528,8127,599,1
48,cluster_1642_amp1,cluster_1642,5025,5625,600,0
48,cluster_2016_amp1,cluster_2016,239,830,591,3
48,cluster_2483_amp1,cluster_2483,13055,13648,593,0
48,cluster_2844_amp1,cluster_2844,2696,3288,592,1
06E,cluster_151_amp1,cluster_151,7364,7957,593,1
06E,cluster_192_amp1,cluster_192,8561,9164,603,2
06E,cluster_257_amp1,cluster_257,11950,12541,591,2
06E,cluster_299_amp1,cluster_299,14308,14882,574,0
06E,cluster_603_amp1,cluster_603,2074,2667,593,0
06E,cluster_1297_amp1,cluster_1297,13603,14202,599,0
06E,cluster_1348_amp1,cluster_1348,4067,4666,599,2
06E,cluster_2798_amp1,cluster_2798,1355,1935,580,2
23B1,cluster_257_amp1,cluster_257,18016,18607,591,2
23B1,cluster_603_amp1,cluster_603,4660,5253,593,0
23B1,cluster_1171_amp1,cluster_1171,18799,19378,579,3
23B1,cluster_1348_amp1,cluster_1348,6653,7246,593,2
23B1,cluster_1419_amp1,cluster_1419,5619,6210,591,0
23B1,cluster_1433_amp1,cluster_1433,12601,13195,594,0
23B1,cluster_2013_amp1,cluster_2013,1313,1911,598,3
23B1,cluster_2016_amp1,cluster_2016,2825,3416,591,4
23B1,cluster_2522_amp1,cluster_2522,71,660,589,0
23B1,cluster_2549_amp1,cluster_2549,13573,14163,590,0
23B1,cluster_2555_amp1,cluster_2555,16575,17168,593,0
23B1,cluster_2798_amp1,cluster_2798,3941,4521,580,2
19AF,cluster_257_amp1,cluster_257,11772,12363,591,2
19AF,cluster_603_amp1,cluster_603,2074,2667,593,1
19AF,cluster_1156_amp1,cluster_1156,5072,5646,574,1
19AF,cluster_1166_amp1,cluster_1166,10061,10642,581,0
19AF,cluster_1171_amp1,cluster_1171,12555,13134,579,4
19AF,cluster_1348_amp1,cluster_1348,4076,4675,599,2
19AF,cluster_2016_amp1,cluster_2016,239,830,591,2
19AF,cluster_2576_amp1,cluster_2576,6068,6629,561,0
19AF,cluster_2579_amp1,cluster_2579,7539,8130,591,0
19AF,cluster_2582_amp1,cluster_2582,9056,9632,576,0
19AF,cluster_2798_amp1,cluster_2798,1355,1935,580,2
11E,cluster_584_amp1,cluster_584,6535,7134,599,1
11E,cluster_603_amp1,cluster_603,2083,2676,593,1
11E,cluster_1348_amp1,cluster_1348,4076,4675,599,1
11E,cluster_2016_amp1,cluster_2016,248,839,591,0
11E,cluster_2606_amp1,cluster_2606,7571,8128,557,0
11E,cluster_2610_amp1,cluster_2610,9533,10133,600,0
11E,cluster_2722_amp1,cluster_2722,2914,3485,571,1
11E,cluster_2798_amp1,cluster_2798,1364,1944,580,0
11E,cluster_2890_amp1,cluster_2890,5049,5634,585,0
11E,cluster_2905_amp1,cluster_2905,12580,13135,555,0
33G,cluster_496_amp1,cluster_496,8882,9481,599,2
33G,cluster_512_amp1,cluster_512,6397,6985,588,3
33G,cluster_603_amp1,cluster_603,2083,2676,593,1
33G,cluster_1348_amp1,cluster_1348,4085,4684,599,0
33G,cluster_1854_amp1,cluster_1854,13573,14173,600,2
33G,cluster_2016_amp1,cluster_2016,248,839,591,1
33G,cluster_2635_amp1,cluster_2635,8024,8623,599,0
33G,cluster_2722_amp1,cluster_2722,2914,3485,571,2
33G,cluster_2774_amp1,cluster_2774,4994,5580,586,1
33G,cluster_2798_amp1,cluster_2798,1364,1944,580,0
33G,cluster_3323_amp1,cluster_3323,11356,11945,589,0
33G,cluster_3329_amp1,cluster_3329,14542,15119,577,0
10D,cluster_603_amp1,cluster_603,2083,2676,593,1
10D,cluster_1348_amp1,cluster_1348,4085,4684,599,0
10D,cluster_2016_amp1,cluster_2016,248,839,591,1
10D,cluster_2667_amp1,cluster_2667,8557,9126,569,0
10D,cluster_2675_amp1,cluster_2675,12534,13131,597,0
10D,cluster_2722_amp1,cluster_2722,2914,3485,571,1
10D,cluster_2798_amp1,cluster_2798,1364,1944,580,0
06F,cluster_151_amp1,cluster_151,8188,8781,593,0
06F,cluster_192_amp1,cluster_192,9385,9988,603,1
06F,cluster_299_amp1,cluster_299,15129,15703,574,0
06F,cluster_603_amp1,cluster_603,3229,3822,593,1
06F,cluster_906_amp1,cluster_906,13478,14077,599,1
06F,cluster_1229_amp1,cluster_1229,12604,13199,595,1
06F,cluster_1297_amp1,cluster_1297,14424,15023,599,2
06F,cluster_1348_amp1,cluster_1348,5231,5830,599,0
06F,cluster_2016_amp1,cluster_2016,1394,1985,591,1
06F,cluster_2711_amp1,cluster_2711,16066,16661,595,0
06F,cluster_2722_amp1,cluster_2722,4060,4631,571,0
06F,cluster_2798_amp1,cluster_2798,2510,3090,580,0
06F,cluster_2872_amp1,cluster_2872,799,1063,264,2
06F,cluster_3157_amp1,cluster_3157,10540,11138,598,0
06G,cluster_151_amp1,cluster_151,8189,8782,593,0
06G,cluster_192_amp1,cluster_192,9386,9989,603,1
06G,cluster_299_amp1,cluster_299,15129,15703,574,0
06G,cluster_603_amp1,cluster_603,3233,3826,593,1
06G,cluster_906_amp1,cluster_906,13478,14077,599,1
06G,cluster_1229_amp1,cluster_1229,12604,13199,595,1
06G,cluster_1297_amp1,cluster_1297,14424,15023,599,0
06G,cluster_1348_amp1,cluster_1348,5235,5834,599,0
06G,cluster_2016_amp1,cluster_2016,1398,1989,591,2
06G,cluster_2722_amp1,cluster_2722,4064,4635,571,0
06G,cluster_2798_amp1,cluster_2798,2514,3094,580,0
06G,cluster_2872_amp1,cluster_2872,803,1067,264,2
06G,cluster_3157_amp1,cluster_3157,10541,11139,598,0
06G,cluster_3339_amp1,cluster_3339,17284,17883,599,0
NCC2_S_mitis_aliC_aliD_non_encapsulated,cluster_2742_amp1,cluster_2742,75,650,575,0
NCC2_S_mitis_aliC_aliD_non_encapsulated,cluster_2747_amp1,cluster_2747,2544,3127,583,0
NCC2_S_mitis_aliC_aliD_non_encapsulated,cluster_2754_amp1,cluster_2754,1070,1670,600,1
NCC2_S_mitis_aliC_aliD_non_encapsulated,cluster_3346_amp1,cluster_3346,4777,5377,600,2
NCC2_aliC_aliD_non_encapsulated,cluster_2747_amp1,cluster_2747,2513,3096,583,0
NCC2_aliC_aliD_non_encapsulated,cluster_2752_amp1,cluster_2752,64,645,581,0
NCC2_aliC_aliD_non_encapsulated,cluster_2754_amp1,cluster_2754,1068,1668,600,0
NCC2_aliC_aliD_non_encapsulated,cluster_2760_amp1,cluster_2760,4054,4642,588,0
NCC2_aliC_aliD_non_encapsulated,cluster_3346_amp1,cluster_3346,4885,5485,600,1
35D,cluster_476_amp1,cluster_476,10491,11043,552,2
35D,cluster_603_amp1,cluster_603,2134,2727,593,1
35D,cluster_1348_amp1,cluster_1348,4136,4735,599,0
35D,cluster_1956_amp1,cluster_1956,6601,7198,597,0
35D,cluster_1959_amp1,cluster_1959,8125,8714,589,0
35D,cluster_2016_amp1,cluster_2016,299,890,591,1
35D,cluster_2722_amp1,cluster_2722,2965,3536,571,0
35D,cluster_2774_amp1,cluster_2774,5045,5631,586,0
35D,cluster_2798_amp1,cluster_2798,1415,1995,580,1
24C,cluster_288_amp1,cluster_288,15660,16260,600,1
24C,cluster_299_amp1,cluster_299,21179,21753,574,0
24C,cluster_328_amp1,cluster_328,17137,17735,598,2
24C,cluster_747_amp1,cluster_747,5275,5850,575,1
24C,cluster_906_amp1,cluster_906,19528,20127,599,1
24C,cluster_1001_amp1,cluster_1001,7240,7840,600,0
24C,cluster_1229_amp1,cluster_1229,18654,19249,595,4
24C,cluster_1297_amp1,cluster_1297,20474,21073,599,0
24C,cluster_1492_amp1,cluster_1492,8746,9345,599,0
24C,cluster_1538_amp1,cluster_1538,14290,14840,550,0
24C,cluster_1642_amp1,cluster_1642,6243,6843,600,0
24C,cluster_2016_amp1,cluster_2016,1457,2048,591,2
24C,cluster_2798_amp1,cluster_2798,2573,3153,580,0
24C,cluster_2817_amp1,cluster_2817,12066,12661,595,0
24C,cluster_2844_amp1,cluster_2844,3914,4506,592,2
24C,cluster_2872_amp1,cluster_2872,846,1109,263,1
24C,cluster_3048_amp1,cluster_3048,12788,13378,590,0
20B,cluster_2016_amp1,cluster_2016,576,1167,591,1
20B,cluster_2844_amp1,cluster_2844,3033,3625,592,0
20B,cluster_2855_amp1,cluster_2855,8527,9127,600,0
20B,cluster_3272_amp1,cluster_3272,4657,5244,587,0
20B,cluster_3294_amp1,cluster_3294,15681,16244,563,0
20B,cluster_3329_amp1,cluster_3329,13682,14259,577,1
20B,cluster_3346_amp1,cluster_3346,14916,15516,600,2
20A,cluster_2016_amp1,cluster_2016,995,1586,591,1
20A,cluster_2844_amp1,cluster_2844,3452,4044,592,0
20A,cluster_2855_amp1,cluster_2855,8946,9546,600,0
20A,cluster_2872_amp1,cluster_2872,67,665,598,0
20A,cluster_3272_amp1,cluster_3272,5076,5663,587,0
20A,cluster_3294_amp1,cluster_3294,16101,16664,563,0
20A,cluster_3329_amp1,cluster_3329,14102,14679,577,1
20A,cluster_3346_amp1,cluster_3346,15336,15936,600,2
11F_like,cluster_584_amp1,cluster_584,6526,7125,599,1
11F_like,cluster_603_amp1,cluster_603,2074,2667,593,1
11F_like,cluster_1348_amp1,cluster_1348,4067,4666,599,1
11F_like,cluster_2016_amp1,cluster_2016,239,830,591,0
11F_like,cluster_2606_amp1,cluster_2606,7562,8119,557,0
11F_like,cluster_2610_amp1,cluster_2610,9524,10124,600,0
11F_like,cluster_2722_amp1,cluster_2722,2905,3476,571,1
11F_like,cluster_2798_amp1,cluster_2798,1355,1935,580,0
11F_like,cluster_2890_amp1,cluster_2890,5040,5625,585,0
11F_like,cluster_2905_amp1,cluster_2905,12571,13126,555,0
33E,cluster_603_amp1,cluster_603,2656,3249,593,1
33E,cluster_1348_amp1,cluster_1348,4658,5257,599,0
33E,cluster_1792_amp1,cluster_1792,8139,8711,572,1
33E,cluster_1800_amp1,cluster_1800,12131,12708,577,0
33E,cluster_2016_amp1,cluster_2016,821,1412,591,1
33E,cluster_2722_amp1,cluster_2722,3487,4058,571,0
33E,cluster_2774_amp1,cluster_2774,5567,6153,586,2
33E,cluster_2798_amp1,cluster_2798,1937,2517,580,0
33E,cluster_2927_amp1,cluster_2927,9566,10155,589,0
33E,cluster_2935_amp1,cluster_2935,13564,14142,578,0
33E,cluster_3339_amp1,cluster_3339,16464,17063,599,0
36B,cluster_747_amp1,cluster_747,6731,7306,575,1
36B,cluster_2016_amp1,cluster_2016,2913,3504,591,1
36B,cluster_2711_amp1,cluster_2711,18622,19159,537,2
36B,cluster_2844_amp1,cluster_2844,5370,5962,592,1
36B,cluster_2872_amp1,cluster_2872,2320,2584,264,1
36B,cluster_2963_amp1,cluster_2963,9553,10127,574,0
36B,cluster_2965_amp1,cluster_2965,10561,11127,566,0
36B,cluster_2987_amp1,cluster_2987,550,1131,581,1
36B,cluster_3346_amp1,cluster_3346,15351,15951,600,1
15D,cluster_603_amp1,cluster_603,5101,5694,593,1
15D,cluster_801_amp1,cluster_801,8076,8656,580,0
15D,cluster_805_amp1,cluster_805,10082,10682,600,0
15D,cluster_810_amp1,cluster_810,12592,13170,578,0
15D,cluster_813_amp1,cluster_813,14088,14681,593,0
15D,cluster_848_amp1,cluster_848,18128,18698,570,0
15D,cluster_1348_amp1,cluster_1348,7103,7702,599,0
15D,cluster_1438_amp1,cluster_1438,17172,17759,587,0
15D,cluster_2016_amp1,cluster_2016,3266,3857,591,1
15D,cluster_2722_amp1,cluster_2722,5932,6503,571,1
15D,cluster_2798_amp1,cluster_2798,4382,4962,580,0
15D,cluster_2872_amp1,cluster_2872,2320,2937,617,1
15D,cluster_2987_amp1,cluster_2987,550,1131,581,0
24F2,cluster_288_amp1,cluster_288,14436,15036,600,1
24F2,cluster_299_amp1,cluster_299,19955,20529,574,0
24F2,cluster_328_amp1,cluster_328,15913,16511,598,2
24F2,cluster_747_amp1,cluster_747,4057,4632,575,1
24F2,cluster_906_amp1,cluster_906,18304,18903,599,1
24F2,cluster_1001_amp1,cluster_1001,6022,6622,600,0
24F2,cluster_1229_amp1,cluster_1229,17430,18025,595,4
24F2,cluster_1297_amp1,cluster_1297,19250,19849,599,0
24F2,cluster_1492_amp1,cluster_1492,7528,8127,599,0
24F2,cluster_1538_amp1,cluster_1538,13066,13616,550,0
24F2,cluster_1642_amp1,cluster_1642,5025,5625,600,0
24F2,cluster_2016_amp1,cluster_2016,239,830,591,2
24F2,cluster_2798_amp1,cluster_2798,1355,1935,580,0
24F2,cluster_2817_amp1,cluster_2817,10848,11443,595,0
24F2,cluster_2844_amp1,cluster_2844,2696,3288,592,2
24F2,cluster_3048_amp1,cluster_3048,11570,12160,590,0
19AI,cluster_257_amp1,cluster_257,11766,12357,591,2
19AI,cluster_603_amp1,cluster_603,2074,2667,593,0
19AI,cluster_1156_amp1,cluster_1156,5066,5640,574,0
19AI,cluster_1166_amp1,cluster_1166,10055,10636,581,0
19AI,cluster_1171_amp1,cluster_1171,12549,13128,579,1
19AI,cluster_1348_amp1,cluster_1348,4076,4669,593,2
19AI,cluster_1419_amp1,cluster_1419,3033,3633,600,2
19AI,cluster_2016_amp1,cluster_2016,239,830,591,2
19AI,cluster_2576_amp1,cluster_2576,6062,6623,561,0
19AI,cluster_2579_amp1,cluster_2579,7533,8124,591,0
19AI,cluster_2582_amp1,cluster_2582,9050,9626,576,2
19AI,cluster_2798_amp1,cluster_2798,1355,1935,580,2
19AII,cluster_257_amp1,cluster_257,11766,12357,591,2
19AII,cluster_603_amp1,cluster_603,2074,2667,593,0
19AII,cluster_1156_amp1,cluster_1156,5066,5640,574,0
19AII,cluster_1166_amp1,cluster_1166,10055,10636,581,0
19AII,cluster_1171_amp1,cluster_1171,12549,13128,579,1
19AII,cluster_1348_amp1,cluster_1348,4076,4669,593,2
19AII,cluster_1419_amp1,cluster_1419,3033,3633,600,2
19AII,cluster_2016_amp1,cluster_2016,239,830,591,0
19AII,cluster_2576_amp1,cluster_2576,6062,6623,561,0
19AII,cluster_2579_amp1,cluster_2579,7533,8124,591,0
19AII,cluster_2582_amp1,cluster_2582,9050,9626,576,2
19AII,cluster_2798_amp1,cluster_2798,1355,1935,580,2
19AIII,cluster_257_amp1,cluster_257,11766,12357,591,2
19AIII,cluster_299_amp1,cluster_299,14123,14697,574,0
19AIII,cluster_603_amp1,cluster_603,2074,2667,593,0
19AIII,cluster_1156_amp1,cluster_1156,5066,5640,574,0
19AIII,cluster_1166_amp1,cluster_1166,10055,10636,581,0
19AIII,cluster_1171_amp1,cluster_1171,12549,13128,579,0
19AIII,cluster_1297_amp1,cluster_1297,13418,14017,599,0
19AIII,cluster_1348_amp1,cluster_1348,4076,4669,593,2
19AIII,cluster_1419_amp1,cluster_1419,3033,3633,600,2
19AIII,cluster_2016_amp1,cluster_2016,239,830,591,2
19AIII,cluster_2576_amp1,cluster_2576,6062,6623,561,0
19AIII,cluster_2579_amp1,cluster_2579,7533,8124,591,0
19AIII,cluster_2582_amp1,cluster_2582,9050,9626,576,2
19AIII,cluster_2798_amp1,cluster_2798,1355,1935,580,2
19FI,cluster_299_amp1,cluster_299,13993,14567,574,0
19FI,cluster_906_amp1,cluster_906,12342,12941,599,1
19FI,cluster_1229_amp1,cluster_1229,11468,12063,595,0
19FI,cluster_1248_amp1,cluster_1248,5545,6140,595,0
19FI,cluster_1255_amp1,cluster_1255,9038,9624,586,0
19FI,cluster_1297_amp1,cluster_1297,13288,13887,599,2
19FI,cluster_2016_amp1,cluster_2016,239,830,591,1
19FI,cluster_2844_amp1,cluster_2844,2696,3288,592,1
19FI,cluster_3119_amp1,cluster_3119,10058,10630,572,0
19FII,cluster_299_amp1,cluster_299,13993,14567,574,0
19FII,cluster_747_amp1,cluster_747,4057,4632,575,0
19FII,cluster_906_amp1,cluster_906,12342,12941,599,1
19FII,cluster_1229_amp1,cluster_1229,11468,12063,595,0
19FII,cluster_1248_amp1,cluster_1248,5545,6140,595,2
19FII,cluster_1255_amp1,cluster_1255,9038,9624,586,0
19FII,cluster_1297_amp1,cluster_1297,13288,13887,599,2
19FII,cluster_2016_amp1,cluster_2016,239,830,591,1
19FII,cluster_2844_amp1,cluster_2844,2696,3288,592,1
19FII,cluster_3119_amp1,cluster_3119,10058,10630,572,0
19FIII,cluster_299_amp1,cluster_299,13994,14568,574,0
19FIII,cluster_906_amp1,cluster_906,12343,12942,599,1
19FIII,cluster_1229_amp1,cluster_1229,11469,12064,595,0
19FIII,cluster_1248_amp1,cluster_1248,5546,6141,595,0
19FIII,cluster_1255_amp1,cluster_1255,9039,9625,586,0
19FIII,cluster_1297_amp1,cluster_1297,13289,13888,599,2
19FIII,cluster_2016_amp1,cluster_2016,239,830,591,1
19FIII,cluster_2844_amp1,cluster_2844,2696,3288,592,1
19FIII,cluster_3119_amp1,cluster_3119,10059,10631,572,0
19FIV,cluster_299_amp1,cluster_299,13993,14567,574,0
19FIV,cluster_747_amp1,cluster_747,4057,4632,575,0
19FIV,cluster_906_amp1,cluster_906,12342,12941,599,1
19FIV,cluster_1229_amp1,cluster_1229,11468,12063,595,0
19FIV,cluster_1248_amp1,cluster_1248,5545,6140,595,2
19FIV,cluster_1255_amp1,cluster_1255,9038,9624,586,0
19FIV,cluster_1297_amp1,cluster_1297,13288,13887,599,2
19FIV,cluster_2016_amp1,cluster_2016,239,830,591,2
19FIV,cluster_2844_amp1,cluster_2844,2696,3288,592,1
19FIV,cluster_3119_amp1,cluster_3119,10058,10630,572,0
06BI,cluster_151_amp1,cluster_151,7183,7776,593,0
06BI,cluster_192_amp1,cluster_192,8380,8983,603,1
06BI,cluster_299_amp1,cluster_299,14124,14698,574,0
06BI,cluster_603_amp1,cluster_603,2227,2820,593,1
06BI,cluster_906_amp1,cluster_906,12473,13072,599,1
06BI,cluster_1229_amp1,cluster_1229,11599,12194,595,4
06BI,cluster_1297_amp1,cluster_1297,13419,14018,599,2
06BI,cluster_1348_amp1,cluster_1348,4229,4828,599,0
06BI,cluster_2016_amp1,cluster_2016,392,983,591,1
06BI,cluster_2711_amp1,cluster_2711,15061,15656,595,0
06BI,cluster_2722_amp1,cluster_2722,3058,3629,571,0
06BI,cluster_2798_amp1,cluster_2798,1508,2088,580,0
06BI,cluster_3157_amp1,cluster_3157,9535,10133,598,0
06BII,cluster_151_amp1,cluster_151,7030,7623,593,0
06BII,cluster_192_amp1,cluster_192,8227,8830,603,1
06BII,cluster_299_amp1,cluster_299,13970,14544,574,0
06BII,cluster_603_amp1,cluster_603,2074,2667,593,1
06BII,cluster_906_amp1,cluster_906,12319,12918,599,1
06BII,cluster_1229_amp1,cluster_1229,11445,12040,595,4
06BII,cluster_1297_amp1,cluster_1297,13265,13864,599,3
06BII,cluster_1348_amp1,cluster_1348,4076,4675,599,0
06BII,cluster_2016_amp1,cluster_2016,239,830,591,1
06BII,cluster_2711_amp1,cluster_2711,14907,15502,595,0
06BII,cluster_2722_amp1,cluster_2722,2905,3476,571,0
06BII,cluster_2798_amp1,cluster_2798,1355,1935,580,0
06BII,cluster_3157_amp1,cluster_3157,9382,9980,598,2
06AI,cluster_151_amp1,cluster_151,7030,7623,593,0
06AI,cluster_192_amp1,cluster_192,8227,8830,603,1
06AI,cluster_299_amp1,cluster_299,13944,14518,574,0
06AI,cluster_603_amp1,cluster_603,2074,2667,593,1
06AI,cluster_906_amp1,cluster_906,12293,12892,599,1
06AI,cluster_1229_amp1,cluster_1229,11419,12014,595,1
06AI,cluster_1297_amp1,cluster_1297,13239,13838,599,0
06AI,cluster_1348_amp1,cluster_1348,4076,4675,599,0
06AI,cluster_2016_amp1,cluster_2016,239,830,591,2
06AI,cluster_2722_amp1,cluster_2722,2905,3476,571,0
06AI,cluster_2798_amp1,cluster_2798,1355,1935,580,0
06AI,cluster_3157_amp1,cluster_3157,9382,9980,598,0
06AII,cluster_151_amp1,cluster_151,7033,7626,593,0
06AII,cluster_192_amp1,cluster_192,8230,8833,603,1
06AII,cluster_299_amp1,cluster_299,13974,14548,574,0
06AII,cluster_603_amp1,cluster_603,2074,2667,593,1
06AII,cluster_906_amp1,cluster_906,12323,12922,599,1
06AII,cluster_1229_amp1,cluster_1229,11449,12044,595,3
06AII,cluster_1297_amp1,cluster_1297,13269,13868,599,3
06AII,cluster_1348_amp1,cluster_1348,4076,4675,599,0
06AII,cluster_2016_amp1,cluster_2016,239,830,591,1
06AII,cluster_2711_amp1,cluster_2711,14911,15506,595,0
06AII,cluster_2722_amp1,cluster_2722,2905,3476,571,0
06AII,cluster_2798_amp1,cluster_2798,1355,1935,580,0
06AII,cluster_3157_amp1,cluster_3157,9385,9983,598,2
06AIII,cluster_151_amp1,cluster_151,7030,7623,593,0
06AIII,cluster_192_amp1,cluster_192,8227,8830,603,1
06AIII,cluster_299_amp1,cluster_299,13971,14545,574,0
06AIII,cluster_603_amp1,cluster_603,2074,2667,593,1
06AIII,cluster_906_amp1,cluster_906,12320,12919,599,1
06AIII,cluster_1229_amp1,cluster_1229,11446,12041,595,4
06AIII,cluster_1297_amp1,cluster_1297,13266,13865,599,2
06AIII,cluster_1348_amp1,cluster_1348,4076,4675,599,0
06AIII,cluster_2016_amp1,cluster_2016,239,830,591,1
06AIII,cluster_2711_amp1,cluster_2711,14908,15503,595,0
06AIII,cluster_2722_amp1,cluster_2722,2905,3476,571,0
06AIII,cluster_2798_amp1,cluster_2798,1355,1935,580,0
06AIII,cluster_3157_amp1,cluster_3157,9382,9980,598,0
06AIV,cluster_151_amp1,cluster_151,7030,7623,593,0
06AIV,cluster_192_amp1,cluster_192,8227,8830,603,1
06AIV,cluster_299_amp1,cluster_299,13970,14544,574,0
06AIV,cluster_603_amp1,cluster_603,2074,2667,593,1
06AIV,cluster_906_amp1,cluster_906,12319,12918,599,1
06AIV,cluster_1229_amp1,cluster_1229,11445,12040,595,2
06AIV,cluster_1297_amp1,cluster_1297,13265,13864,599,2
06AIV,cluster_1348_amp1,cluster_1348,4076,4675,599,0
06AIV,cluster_2016_amp1,cluster_2016,239,830,591,1
06AIV,cluster_2711_amp1,cluster_2711,14907,15502,595,0
06AIV,cluster_2722_amp1,cluster_2722,2905,3476,571,0
06AIV,cluster_2798_amp1,cluster_2798,1355,1935,580,0
06AIV,cluster_3157_amp1,cluster_3157,9382,9980,598,0
06AV,cluster_151_amp1,cluster_151,7030,7623,593,0
06AV,cluster_192_amp1,cluster_192,8227,8830,603,1
06AV,cluster_299_amp1,cluster_299,13971,14545,574,0
06AV,cluster_603_amp1,cluster_603,2074,2667,593,1
06AV,cluster_906_amp1,cluster_906,12319,12918,599,1
06AV,cluster_1229_amp1,cluster_1229,11445,12040,595,4
06AV,cluster_1348_amp1,cluster_1348,4076,4675,599,0
06AV,cluster_2016_amp1,cluster_2016,239,830,591,2
06AV,cluster_2711_amp1,cluster_2711,14908,15503,595,0
06AV,cluster_2722_amp1,cluster_2722,2905,3476,571,0
06AV,cluster_2798_amp1,cluster_2798,1355,1935,580,0
06AV,cluster_3157_amp1,cluster_3157,9382,9980,598,2
06AVI,cluster_151_amp1,cluster_151,7033,7626,593,0
06AVI,cluster_192_amp1,cluster_192,8230,8833,603,1
06AVI,cluster_299_amp1,cluster_299,14004,14578,574,0
06AVI,cluster_603_amp1,cluster_603,2074,2667,593,1
06AVI,cluster_906_amp1,cluster_906,12323,12952,629,1
06AVI,cluster_1229_amp1,cluster_1229,11449,12044,595,3
06AVI,cluster_1297_amp1,cluster_1297,13299,13898,599,3
06AVI,cluster_1348_amp1,cluster_1348,4076,4675,599,0
06AVI,cluster_2016_amp1,cluster_2016,239,830,591,1
06AVI,cluster_2711_amp1,cluster_2711,14941,15536,595,0
06AVI,cluster_2722_amp1,cluster_2722,2905,3476,571,0
06AVI,cluster_2798_amp1,cluster_2798,1355,1935,580,0
06AVI,cluster_3157_amp1,cluster_3157,9385,9983,598,2
20C,cluster_2016_amp1,cluster_2016,459,1050,591,1
20C,cluster_2844_amp1,cluster_2844,2916,3508,592,0
20C,cluster_2855_amp1,cluster_2855,8410,9010,600,0
20C,cluster_3272_amp1,cluster_3272,4540,5127,587,0
20C,cluster_3294_amp1,cluster_3294,15562,16125,563,0
20C,cluster_3329_amp1,cluster_3329,13682,14140,458,1
20C,cluster_3346_amp1,cluster_3346,14797,15397,600,2
33H,cluster_496_amp1,cluster_496,11568,12167,599,2
33H,cluster_512_amp1,cluster_512,9083,9671,588,3
33H,cluster_603_amp1,cluster_603,4769,5362,593,1
33H,cluster_1348_amp1,cluster_1348,6771,7370,599,0
33H,cluster_1854_amp1,cluster_1854,16086,16686,600,2
33H,cluster_2016_amp1,cluster_2016,2934,3525,591,1
33H,cluster_2635_amp1,cluster_2635,10710,11309,599,0
33H,cluster_2722_amp1,cluster_2722,5600,6171,571,2
33H,cluster_2774_amp1,cluster_2774,7680,8266,586,1
33H,cluster_2798_amp1,cluster_2798,4050,4630,580,0
33H,cluster_2987_amp1,cluster_2987,550,1131,581,2
33H,cluster_3323_amp1,cluster_3323,14042,14631,589,0
33H,cluster_3329_amp1,cluster_3329,17055,17632,577,0
NCC1_pspK_non_encapsulated,cluster_2013_amp1,cluster_2013,488,1085,597,2
NCC1_pspK_non_encapsulated,cluster_3339_amp1,cluster_3339,3556,4156,600,0
NCC3_aliD_non_encapsulated,cluster_2747_amp1,cluster_2747,303,886,583,0
NCC3_aliD_non_encapsulated,cluster_3346_amp1,cluster_3346,2535,3134,599,0
NCC3_aliD_non_encapsulated,cluster_3348_amp1,cluster_3348,3555,4132,577,0
streptococcus-pneumoniae-ctvdb,cluster_21_amp1,cluster_21,10533,11129,596,0
streptococcus-pneumoniae-ctvdb,cluster_24_amp1,cluster_24,12046,12640,594,0
streptococcus-pneumoniae-ctvdb,cluster_26_amp1,cluster_26,13068,13666,598,0
streptococcus-pneumoniae-ctvdb,cluster_299_amp1,cluster_299,16514,17088,574,2
streptococcus-pneumoniae-ctvdb,cluster_906_amp1,cluster_906,14863,15462,599,1
streptococcus-pneumoniae-ctvdb,cluster_1229_amp1,cluster_1229,14001,14584,583,1
streptococcus-pneumoniae-ctvdb,cluster_1297_amp1,cluster_1297,15809,16408,599,2
streptococcus-pneumoniae-ctvdb,cluster_2016_amp1,cluster_2016,239,830,591,3
streptococcus-pneumoniae-ctvdb,cluster_2844_amp1,cluster_2844,2698,3290,592,1
streptococcus-pneumoniae-ctvdb,cluster_3363_amp1,cluster_3363,6531,7126,595,0
